name,pubpriv,enrollment,allvaccs,conditional,medical,religious,dptMiss,polMiss,mmrMiss,hepMiss,varMiss
WASHINGTON ELEMENTARY,PUBLIC,116,87.06896552,12.93103448,0,0,4.310344828,3.448275862,4.310344828,0.862068966,0
ASPIRE GATEWAY ACADEMY,PUBLIC,53,100,0,0,0,0,0,0,0,0
SANTA FE CHRISTIAN SCHOOLS,PRIVATE,42,76.19047619,11.9047619,0,11.9047619,19.04761905,21.42857143,19.04761905,16.66666667,11.9047619
RIVERDALE ELEMENTARY,PUBLIC,88,97.72727273,2.272727273,0,0,2.272727273,2.272727273,2.272727273,2.272727273,2.272727273
EL CAPITAN ELEMENTARY,PUBLIC,53,96.22641509,3.773584906,0,0,0,0,3.773584906,0,0
HOLY FAMILY,PRIVATE,35,91.42857143,8.571428571,0,0,0,2.857142857,8.571428571,0,2.857142857
LOS BERROS ELEMENTARY,PUBLIC,60,93.33333333,0,0,6.666666667,6.666666667,6.666666667,6.666666667,6.666666667,6.666666667
CHOLLAS/MEAD ELEMENTARY,PUBLIC,95,100,0,0,0,0,0,0,0,0
SIERRA MADRE ELEMENTARY,PUBLIC,95,75.78947368,13.68421053,1.052631579,9.473684211,13.68421053,15.78947368,23.15789474,12.63157895,11.57894737
ENCINO CHARTER ELEMENTARY,PUBLIC,95,90.52631579,5.263157895,0,4.210526316,8.421052632,8.421052632,9.473684211,4.210526316,7.368421053
SYCAMORE RIDGE,PUBLIC,65,95.38461538,1.538461538,0,3.076923077,4.615384615,3.076923077,3.076923077,3.076923077,3.076923077
LUGO ELEMENTARY,PUBLIC,49,79.59183673,20.40816327,0,0,8.163265306,8.163265306,2.040816327,2.040816327,0
BAY PARK ELEMENTARY,PUBLIC,115,85.2173913,5.217391304,0,9.565217391,11.30434783,12.17391304,13.91304348,9.565217391,10.43478261
LA VETA ELEMENTARY,PUBLIC,97,95.87628866,2.06185567,1.030927835,1.030927835,3.092783505,2.06185567,3.092783505,2.06185567,2.06185567
ALLEN AT STEINBECK,PUBLIC,125,92.8,4,0.8,2.4,7.2,5.6,6.4,4.8,4
STONE CORRAL ELEMENTARY,PUBLIC,20,95,5,0,0,5,0,0,0,0
MEADOWS ELEMENTARY,PUBLIC,88,97.72727273,0,0,2.272727273,2.272727273,2.272727273,2.272727273,2.272727273,2.272727273
HAYNES CHARTER FOR ENRICHED STUDIES,PUBLIC,71,87.32394366,8.450704225,0,4.225352113,9.85915493,8.450704225,9.85915493,8.450704225,11.26760563
FOOTHILL KNOLLS ELEMENTARY,PUBLIC,60,85,11.66666667,0,3.333333333,15,13.33333333,13.33333333,5,5
CYPRESS SCHOOL OF THE ARTS,PUBLIC,127,94.48818898,1.57480315,0,3.937007874,4.724409449,4.724409449,4.724409449,4.724409449,3.937007874
HEIGHTS CHRISTIAN SCHOOL - CHINO HILLS CHRISTIAN,PRIVATE,48,81.25,16.66666667,0,2.083333333,14.58333333,14.58333333,18.75,4.166666667,2.083333333
BUENA VISTA ELEMENTARY,PUBLIC,125,96.8,1.6,0,1.6,3.2,3.2,3.2,1.6,1.6
SVEN LOKRANTZ SPECIAL EDUCATION CENTER,PUBLIC,10,100,0,0,0,0,0,0,0,0
GODFREY G. BERRY ELEMENTARY,PUBLIC,71,98.5915493,1.408450704,0,0,0,0,1.408450704,0,0
TRINIDAD ELEMENTARY,PUBLIC,19,26.31578947,63.15789474,0,10.52631579,63.15789474,63.15789474,68.42105263,68.42105263,63.15789474
ST. AGNES PARISH SCHOOL,PRIVATE,20,90,10,0,0,0,5,0,0,5
ETHEL PHILLIPS ELEMENTARY,PUBLIC,89,97.75280899,2.247191011,0,0,2.247191011,2.247191011,2.247191011,0,0
PIERPONT ELEMENTARY,PUBLIC,42,71.42857143,26.19047619,0,2.380952381,9.523809524,9.523809524,9.523809524,7.142857143,2.380952381
CREATIVE DAY ACADEMY,PRIVATE,12,58.33333333,41.66666667,0,0,41.66666667,33.33333333,33.33333333,25,16.66666667
ABRAHAM LINCOLN ELEMENTARY,PUBLIC,69,86.95652174,8.695652174,0,4.347826087,8.695652174,8.695652174,10.14492754,5.797101449,4.347826087
FOREST CHARTER,PUBLIC,17,47.05882353,0,0,52.94117647,52.94117647,52.94117647,52.94117647,52.94117647,52.94117647
FERNDALE ELEMENTARY,PUBLIC,36,75,8.333333333,0,16.66666667,22.22222222,22.22222222,25,16.66666667,16.66666667
WESTPORT HEIGHTS ELEMENTARY,PUBLIC,66,92.42424242,3.03030303,0,4.545454545,7.575757576,7.575757576,6.060606061,4.545454545,4.545454545
ST. BEDE THE VENERABLE ELEMENTARY,PRIVATE,24,100,0,0,0,0,0,0,0,0
DINGEMAN ELEMENTARY,PUBLIC,123,95.93495935,0,0,4.06504065,4.06504065,4.06504065,4.06504065,4.06504065,4.06504065
ST. CHARLES BORROMEO,PRIVATE,20,100,0,0,0,0,0,0,0,0
TEMESCAL VALLEY ELEMENTARY,PUBLIC,138,91.30434783,6.52173913,0,2.173913043,8.695652174,8.695652174,7.246376812,2.898550725,2.173913043
LAKEVIEW ELEMENTARY,PUBLIC,151,93.37748344,3.973509934,0,2.649006623,4.635761589,3.311258278,3.311258278,4.635761589,3.973509934
FREEMAN (DANIEL) ELEMENTARY,PUBLIC,78,89.74358974,8.974358974,0,1.282051282,7.692307692,8.974358974,6.41025641,3.846153846,1.282051282
WESTERLY SCHOOL OF LONG BEACH,PRIVATE,19,100,0,0,0,0,0,0,0,0
MONTEREY HEIGHTS ELEMENTARY,PUBLIC,56,100,0,0,0,0,0,0,0,0
CUYAMA ELEMENTARY,PUBLIC,23,95.65217391,0,0,4.347826087,4.347826087,4.347826087,4.347826087,4.347826087,4.347826087
THE PHOENIX SCHOOL,PRIVATE,60,93.33333333,3.333333333,0,3.333333333,6.666666667,6.666666667,5,3.333333333,3.333333333
COOK (HAZEL GOES) ELEMENTARY,PUBLIC,57,96.49122807,3.50877193,0,0,3.50877193,3.50877193,3.50877193,1.754385965,0
HAWAIIAN ELEMENTARY,PUBLIC,50,100,0,0,0,0,0,0,0,0
MOUNTAIN VIEW ELEMENTARY,PUBLIC,111,99.0990991,0.900900901,0,0,0.900900901,0.900900901,0.900900901,0,0
LATROBE ELEMENTARY,PUBLIC,13,84.61538462,15.38461538,0,0,15.38461538,15.38461538,15.38461538,15.38461538,7.692307692
ORO GRANDE ELEMENTARY,PUBLIC,18,83.33333333,16.66666667,0,0,11.11111111,11.11111111,16.66666667,5.555555556,5.555555556
TWIN RIDGES HOME STUDY CHARTER,PUBLIC,12,16.66666667,8.333333333,0,75,83.33333333,83.33333333,83.33333333,83.33333333,83.33333333
LONE TREE ELEMENTARY,PUBLIC,116,59.48275862,40.51724138,0,0,29.31034483,14.65517241,15.51724138,12.06896552,6.896551724
JIM THORPE FUNDAMENTAL,PUBLIC,180,97.77777778,2.222222222,0,0,1.666666667,1.666666667,1.666666667,0.555555556,1.111111111
ST. GABRIEL ELEMENTARY,PRIVATE,51,98.03921569,1.960784314,0,0,0,0,0,1.960784314,0
MESA ROBLES,PUBLIC,71,95.77464789,0,0,4.225352113,4.225352113,4.225352113,4.225352113,4.225352113,4.225352113
ROEDING ELEMENTARY,PUBLIC,125,76,24,0,0,24,24,24,24,24
RIVERVIEW ELEMENTARY,PUBLIC,112,96.42857143,0,0,3.571428571,3.571428571,3.571428571,3.571428571,3.571428571,3.571428571
HIGHLAND OAKS ELEMENTARY,PUBLIC,114,98.24561404,1.754385965,0,0,0,0.877192982,0,0.877192982,0
GLENKNOLL ELEMENTARY,PUBLIC,69,97.10144928,0,0,2.898550725,2.898550725,2.898550725,2.898550725,2.898550725,2.898550725
VALENCIA VALLEY ELEMENTARY,PUBLIC,87,94.25287356,5.747126437,0,0,3.448275862,3.448275862,2.298850575,1.149425287,1.149425287
WILLIAM B. BIMAT ELEMENTARY,PUBLIC,53,84.90566038,5.660377358,0,9.433962264,11.32075472,11.32075472,11.32075472,15.09433962,9.433962264
ST. ODILIA ELEMENTARY,PRIVATE,32,100,0,0,0,0,0,0,0,0
COARSEGOLD ELEMENTARY,PUBLIC,46,100,0,0,0,0,0,0,0,0
SHIRPSER ELEMENTARY,PUBLIC,95,94.73684211,4.210526316,0,1.052631579,5.263157895,5.263157895,5.263157895,1.052631579,1.052631579
HARBOUR VIEW ELEMENTARY,PUBLIC,164,93.29268293,2.43902439,4.268292683,0,6.097560976,6.097560976,6.707317073,4.87804878,4.268292683
NEWLAND (WILLIAM T.) ELEMENTARY,PUBLIC,101,79.20792079,10.89108911,0,9.900990099,20.79207921,20.79207921,20.79207921,9.900990099,9.900990099
READY SPRINGS ELEMENTARY,PUBLIC,33,75.75757576,6.060606061,0,18.18181818,24.24242424,24.24242424,24.24242424,18.18181818,18.18181818
MCPHERSON ELEMENTARY,PUBLIC,77,100,0,0,0,0,0,0,0,0
MONTEREY RIDGE ELEMENTARY,PUBLIC,199,95.9798995,0,0.502512563,3.51758794,4.020100503,4.020100503,4.020100503,4.020100503,4.020100503
E. J. MARSHALL ELEMENTARY,PUBLIC,54,100,0,0,0,0,0,0,0,0
OAK RIDGE ELEMENTARY,PUBLIC,98,94.89795918,5.102040816,0,0,5.102040816,5.102040816,4.081632653,3.06122449,3.06122449
SYLVAN PARK ELEMENTARY,PUBLIC,194,98.96907216,1.030927835,0,0,0,0,0.515463918,0,0.515463918
LAUREL ELEMENTARY,PUBLIC,74,98.64864865,0,0,1.351351351,1.351351351,1.351351351,1.351351351,1.351351351,1.351351351
CARMICHAEL (BESSIE)/FEC,PUBLIC,80,88.75,10,1.25,0,7.5,10,5,7.5,7.5
LIBERTY CHRISTIAN SCHOOL,PRIVATE,15,73.33333333,6.666666667,0,20,26.66666667,26.66666667,26.66666667,20,20
OAK KNOLL KINDERHAUS MONTESSORI,PRIVATE,10,40,0,0,60,60,60,60,60,60
GOLD RIVER DISCOVERY CENTER K-8,PUBLIC,91,97.8021978,0,0,2.197802198,2.197802198,2.197802198,2.197802198,2.197802198,2.197802198
MARY MCLEOD BETHUNE ELEMENTARY,PUBLIC,126,93.65079365,3.174603175,0,3.174603175,5.555555556,3.174603175,4.761904762,3.174603175,3.174603175
MARBLEHEAD ELEMENTARY,PUBLIC,47,70.21276596,10.63829787,2.127659574,17.0212766,27.65957447,27.65957447,29.78723404,21.27659574,21.27659574
VIKING ELEMENTARY,PUBLIC,135,70.37037037,26.66666667,0,2.962962963,28.88888889,28.88888889,28.88888889,29.62962963,28.88888889
SELMA HERNDON ELEMENTARY,PUBLIC,115,99.13043478,0.869565217,0,0,0.869565217,0,0,0,0
SAN FERNANDO ELEMENTARY,PUBLIC,122,94.26229508,5.737704918,0,0,3.278688525,3.278688525,4.098360656,0.819672131,0
KAVOD ELEMENTARY CHARTER,PUBLIC,24,87.5,12.5,0,0,4.166666667,4.166666667,12.5,4.166666667,4.166666667
AROMAS ELEMENTARY,PUBLIC,40,90,7.5,0,2.5,10,10,10,2.5,2.5
CLINTON-MENDENHALL ELEMENTARY,PUBLIC,101,100,0,0,0,0,0,0,0,0
THE ROCK CHRISTIAN SCHOOL,PRIVATE,20,95,0,0,5,5,5,5,5,5
CROWNE HILL ELEMENTARY,PUBLIC,100,86,4,0,10,14,14,14,14,14
ALAMO ELEMENTARY,PUBLIC,85,87.05882353,11.76470588,0,1.176470588,10.58823529,9.411764706,4.705882353,9.411764706,8.235294118
CALVARY CHAPEL RIALTO CHRISTIAN,PRIVATE,13,92.30769231,7.692307692,0,0,7.692307692,0,7.692307692,0,7.692307692
FREMONT ELEMENTARY,PUBLIC,74,100,0,0,0,0,0,0,0,0
MARTIN LUTHER KING JR. ELEMENTARY,PUBLIC,44,93.18181818,0,2.272727273,4.545454545,6.818181818,6.818181818,6.818181818,6.818181818,6.818181818
E. HALE CURRAN ELEMENTARY,PUBLIC,104,94.23076923,1.923076923,0,3.846153846,4.807692308,4.807692308,5.769230769,3.846153846,3.846153846
EUCALYPTUS,PUBLIC,198,93.93939394,6.060606061,0,0,5.555555556,5.050505051,4.04040404,2.02020202,3.535353535
ASSUMPTION,PRIVATE,24,95.83333333,0,4.166666667,0,4.166666667,4.166666667,4.166666667,4.166666667,4.166666667
CHERRY VALLEY BRETHREN SCHOOL,PRIVATE,29,75.86206897,20.68965517,3.448275862,0,3.448275862,3.448275862,24.13793103,3.448275862,3.448275862
BUENA VISTA ELEMENTARY,PUBLIC,73,94.52054795,5.479452055,0,0,5.479452055,5.479452055,2.739726027,1.369863014,1.369863014
NORTH BROADWAY ELEMENTARY,PUBLIC,106,95.28301887,0.943396226,0,3.773584906,4.716981132,3.773584906,4.716981132,3.773584906,3.773584906
CALIFORNIA VIRTUAL ACADEMY @ SAN JOAQUIN,PUBLIC,87,70.11494253,1.149425287,0,28.73563218,29.88505747,29.88505747,29.88505747,28.73563218,28.73563218
OCCS:CHEP/PCHS,PUBLIC,85,82.35294118,4.705882353,0,12.94117647,16.47058824,16.47058824,17.64705882,14.11764706,14.11764706
ROSCOMARE ROAD ELEMENTARY,PUBLIC,93,62.3655914,36.55913978,0,1.075268817,16.12903226,10.75268817,34.40860215,12.90322581,16.12903226
MYRON D. WITTER ELEMENTARY,PUBLIC,135,98.51851852,0.740740741,0,0.740740741,1.481481481,0.740740741,0.740740741,1.481481481,0.740740741
WORKMAN ELEMENTARY,PUBLIC,57,85.96491228,12.28070175,0,1.754385965,5.263157895,8.771929825,7.01754386,8.771929825,5.263157895
CAMINO NUEVO ACADEMY #2,PUBLIC,48,97.91666667,2.083333333,0,0,2.083333333,2.083333333,2.083333333,0,0
BRYANT ELEMENTARY,PUBLIC,88,100,0,0,0,0,0,0,0,0
HENDRICK RANCH ELEMENTARY,PUBLIC,124,96.77419355,3.225806452,0,0,3.225806452,3.225806452,0.806451613,1.612903226,0
ARROYO SECO MUSEUM SCIENCE,PUBLIC,23,95.65217391,4.347826087,0,0,4.347826087,4.347826087,4.347826087,4.347826087,4.347826087
FARNHAM CHARTER,PUBLIC,89,100,0,0,0,0,0,0,0,0
WESTFIELD VILLAGE ELEMENTARY,PUBLIC,109,85.32110092,14.67889908,0,0,11.00917431,7.339449541,10.09174312,3.669724771,1.834862385
MABEL CARVER ELEMENTARY,PUBLIC,27,92.59259259,3.703703704,0,3.703703704,7.407407407,7.407407407,7.407407407,7.407407407,7.407407407
RIVERSIDE MONTESSORI ACADEMY,PRIVATE,23,91.30434783,8.695652174,0,0,8.695652174,8.695652174,8.695652174,0,0
PALMER WAY,PUBLIC,107,86.91588785,13.08411215,0,0,13.08411215,13.08411215,12.14953271,7.476635514,7.476635514
CREEK VIEW ELEMENTARY,PUBLIC,112,95.53571429,2.678571429,0,1.785714286,3.571428571,1.785714286,1.785714286,3.571428571,1.785714286
JOSEPH ARNOLD ELEMENTARY,PUBLIC,104,83.65384615,13.46153846,0,2.884615385,8.653846154,8.653846154,2.884615385,13.46153846,2.884615385
WILSON ELEMENTARY,PUBLIC,55,96.36363636,3.636363636,0,0,0,3.636363636,3.636363636,0,0
ALOHA ELEMENTARY,PUBLIC,56,91.07142857,5.357142857,0,3.571428571,8.928571429,8.928571429,8.928571429,5.357142857,5.357142857
JEFFERSON ELEMENTARY,PUBLIC,69,100,0,0,0,0,0,0,0,0
ASPIRE INSKEEP ACADEMY CHARTER,PUBLIC,53,98.11320755,0,0,1.886792453,1.886792453,1.886792453,1.886792453,1.886792453,1.886792453
ST. ANNE ELEMENTARY,PRIVATE,30,86.66666667,3.333333333,0,10,10,10,10,13.33333333,10
VISTA ACADEMY OF VISUAL AND PERFORMING ARTS,PUBLIC,98,94.89795918,0,0,5.102040816,5.102040816,5.102040816,5.102040816,5.102040816,5.102040816
LA ROSA ELEMENTARY,PUBLIC,97,94.84536082,0,1.030927835,4.12371134,5.154639175,5.154639175,5.154639175,5.154639175,5.154639175
HOLLYWOOD BEACH ELEMENTARY,PUBLIC,49,95.91836735,0,0,4.081632653,4.081632653,4.081632653,4.081632653,4.081632653,4.081632653
CARL HANKEY ELEMENTARY,PUBLIC,67,62.68656716,35.82089552,0,1.492537313,13.43283582,13.43283582,11.94029851,28.35820896,16.41791045
GEORGIA MORRIS ELEMENTARY,PUBLIC,96,100,0,0,0,0,0,0,0,0
FOOTHILL ELEMENTARY,PUBLIC,107,92.52336449,7.476635514,0,0,6.542056075,4.672897196,2.803738318,0,0
NORTH SHOREVIEW ELEMENTARY,PUBLIC,64,95.3125,0,0,4.6875,4.6875,4.6875,4.6875,4.6875,4.6875
TRINITY VALLEY ELEMENTARY,PUBLIC,20,90,10,0,0,10,5,10,0,10
ROBERTS FERRY UNION ELEMENTARY,PUBLIC,13,100,0,0,0,0,0,0,0,0
"ANNELIESE'S SCHOOLS, INC.",PRIVATE,11,18.18181818,81.81818182,0,0,18.18181818,18.18181818,72.72727273,0,0
SUNNYSIDE ELEMENTARY,PUBLIC,37,97.2972973,2.702702703,0,0,0,0,2.702702703,0,0
ELMER WOOD ELEMENTARY,PUBLIC,91,93.40659341,3.296703297,0,3.296703297,5.494505495,5.494505495,5.494505495,3.296703297,3.296703297
CURTNER ELEMENTARY,PUBLIC,87,100,0,0,0,0,0,0,0,0
EAGLE RANCH,PUBLIC,81,87.65432099,7.407407407,1.234567901,3.703703704,11.11111111,9.87654321,12.34567901,7.407407407,7.407407407
ARTHUR HAPGOOD ELEMENTARY,PUBLIC,110,99.09090909,0,0,0.909090909,0.909090909,0.909090909,0.909090909,0.909090909,0.909090909
WINGLAND ELEMENTARY,PUBLIC,129,88.37209302,7.751937984,1.550387597,2.325581395,9.302325581,6.201550388,6.976744186,7.751937984,6.201550388
LAVERNE ELEMENTARY PREPARATORY ACADEMY,PUBLIC,83,93.97590361,3.614457831,0,2.409638554,6.024096386,6.024096386,6.024096386,6.024096386,6.024096386
COTTONWOOD CREEK ELEMENTARY,PUBLIC,83,96.38554217,0,0,3.614457831,3.614457831,3.614457831,3.614457831,3.614457831,3.614457831
MONROE ELEMENTARY,PUBLIC,114,77.19298246,18.42105263,0,4.385964912,21.92982456,21.05263158,22.80701754,13.15789474,13.15789474
BERYLWOOD ELEMENTARY,PUBLIC,95,86.31578947,11.57894737,0,2.105263158,12.63157895,12.63157895,11.57894737,2.105263158,2.105263158
KING (STARR) ELEMENTARY,PUBLIC,61,68.85245902,31.14754098,0,0,29.50819672,29.50819672,27.86885246,27.86885246,27.86885246
KINGSLEY ELEMENTARY,PUBLIC,100,93,7,0,0,5,5,7,1,1
WALLACE R. DAVIS ELEMENTARY,PUBLIC,149,99.32885906,0.67114094,0,0,0,0,0,0.67114094,0
NYE ELEMENTARY,PUBLIC,117,88.88888889,7.692307692,1.709401709,1.709401709,9.401709402,11.11111111,10.25641026,3.418803419,4.273504274
FAITH RINGGOLD SCHOOL OF ARTS AND SCIENCE,PUBLIC,19,84.21052632,15.78947368,0,0,5.263157895,5.263157895,15.78947368,5.263157895,5.263157895
SUMMERDALE ELEMENTARY,PUBLIC,72,95.83333333,4.166666667,0,0,4.166666667,2.777777778,0,0,0
ST. BASIL'S,PRIVATE,33,100,0,0,0,0,0,0,0,0
JOHN MARSHALL ELEMENTARY,PUBLIC,57,89.47368421,10.52631579,0,0,7.01754386,7.01754386,8.771929825,5.263157895,0
FERRIS SPANGER ELEMENTARY,PUBLIC,81,97.5308642,1.234567901,0,1.234567901,2.469135802,2.469135802,2.469135802,2.469135802,2.469135802
WEST POINT ELEMENTARY,PUBLIC,22,68.18181818,27.27272727,0,4.545454545,31.81818182,27.27272727,31.81818182,9.090909091,9.090909091
RUTH BROWN ELEMENTARY,PUBLIC,96,79.16666667,19.79166667,1.041666667,0,18.75,16.66666667,20.83333333,1.041666667,2.083333333
GENEVIEVE M. CROSBY ELEMENTARY,PUBLIC,64,96.875,3.125,0,0,3.125,3.125,3.125,1.5625,0
ST. MARIANNE DE PAREDES ELEMENTARY,PRIVATE,30,93.33333333,0,6.666666667,0,6.666666667,6.666666667,6.666666667,6.666666667,6.666666667
SANDIA ELEMENTARY,PUBLIC,114,92.10526316,1.754385965,0.877192982,5.263157895,7.01754386,7.894736842,7.01754386,6.140350877,6.140350877
VIRGINIA PRIMROSE ELEMENTARY,PUBLIC,84,96.42857143,0,1.19047619,2.380952381,3.571428571,3.571428571,3.571428571,3.571428571,3.571428571
BUENA VISTA ELEMENTARY,PUBLIC,43,86.04651163,4.651162791,0,9.302325581,9.302325581,9.302325581,11.62790698,11.62790698,9.302325581
LATON ELEMENTARY,PUBLIC,75,96,4,0,0,4,2.666666667,4,0,0
PINON HILLS ELEMENTARY,PUBLIC,64,73.4375,26.5625,0,0,21.875,18.75,25,14.0625,12.5
CHICO OAKS ADVENTIST SCHOOL,PRIVATE,13,100,0,0,0,0,0,0,0,0
SARATOGA ELEMENTARY,PUBLIC,62,96.77419355,3.225806452,0,0,0,0,1.612903226,1.612903226,0
NEW RIVER ELEMENTARY,PUBLIC,75,86.66666667,13.33333333,0,0,10.66666667,9.333333333,10.66666667,1.333333333,0
GROVER HEIGHTS ELEMENTARY,PUBLIC,80,86.25,0,0,13.75,13.75,13.75,13.75,13.75,13.75
ALL SOULS CATHOLIC ELEMENTARY,PRIVATE,31,96.77419355,0,0,3.225806452,3.225806452,3.225806452,3.225806452,3.225806452,3.225806452
BROADOAKS SCHOOL OF WHITTIER COLLEGE,PRIVATE,43,90.69767442,4.651162791,0,4.651162791,9.302325581,9.302325581,9.302325581,4.651162791,4.651162791
MONTEREY ROAD ELEMENTARY,PUBLIC,62,88.70967742,4.838709677,0,6.451612903,11.29032258,11.29032258,11.29032258,11.29032258,8.064516129
SAMUEL A. FRYER YAVNEH HEBREW,PRIVATE,47,78.72340426,19.14893617,0,2.127659574,10.63829787,10.63829787,14.89361702,6.382978723,4.255319149
WEST VERNON AVENUE ELEMENTARY,PUBLIC,165,66.66666667,33.33333333,0,0,23.63636364,22.42424242,24.24242424,11.51515152,3.636363636
WESTSIDE ELEMENTARY,PUBLIC,53,86.79245283,5.660377358,0,7.547169811,11.32075472,9.433962264,11.32075472,9.433962264,7.547169811
EDISON ELEMENTARY,PUBLIC,94,94.68085106,4.255319149,0,1.063829787,4.255319149,4.255319149,5.319148936,1.063829787,1.063829787
DEL REY WOODS ELEMENTARY,PUBLIC,99,95.95959596,3.03030303,0,1.01010101,2.02020202,1.01010101,2.02020202,2.02020202,1.01010101
SOL AUREUS COLLEGE PREPARATORY,PUBLIC,48,95.83333333,2.083333333,0,2.083333333,4.166666667,4.166666667,4.166666667,2.083333333,2.083333333
ELIOT ELEMENTARY,PUBLIC,83,100,0,0,0,0,0,0,0,0
CLAY ELEMENTARY,PUBLIC,24,95.83333333,0,0,4.166666667,4.166666667,4.166666667,4.166666667,4.166666667,4.166666667
FRANKLIN ELEMENTARY,PUBLIC,115,84.34782609,13.91304348,0,1.739130435,10.43478261,6.956521739,10.43478261,3.47826087,1.739130435
VALLEY VIEW ELEMENTARY,PUBLIC,69,97.10144928,1.449275362,0,1.449275362,2.898550725,2.898550725,2.898550725,2.898550725,1.449275362
DESERT ROSE ELEMENTARY,PUBLIC,183,96.72131148,2.732240437,0,0.546448087,3.278688525,3.278688525,2.732240437,3.278688525,1.092896175
LUCAS ELEMENTARY,PUBLIC,92,96.73913043,0,0,3.260869565,3.260869565,3.260869565,3.260869565,3.260869565,3.260869565
FOSTER ELEMENTARY,PUBLIC,173,93.06358382,6.936416185,0,0,5.780346821,5.780346821,5.780346821,5.780346821,5.780346821
RED HILL ELEMENTARY,PUBLIC,99,84.84848485,11.11111111,0,4.04040404,13.13131313,11.11111111,15.15151515,6.060606061,5.050505051
OLD ADOBE ELEMENTARY CHARTER,PUBLIC,39,92.30769231,5.128205128,0,2.564102564,7.692307692,7.692307692,5.128205128,2.564102564,2.564102564
PALM DESERT LEARNING TREE CENTER,PRIVATE,25,100,0,0,0,0,0,0,0,0
COOLIDGE ELEMENTARY,PUBLIC,60,98.33333333,0,0,1.666666667,1.666666667,1.666666667,1.666666667,1.666666667,1.666666667
FRAZIER PARK ELEMENTARY,PUBLIC,46,71.73913043,17.39130435,0,10.86956522,23.91304348,21.73913043,23.91304348,15.2173913,15.2173913
BERESFORD ELEMENTARY,PUBLIC,59,100,0,0,0,0,0,0,0,0
SHEPHERD OF THE VALLEY LUTHERAN,PRIVATE,12,75,0,0,25,25,25,25,25,25
MISSION PARK ELEMENTARY,PUBLIC,90,93.33333333,4.444444444,0,2.222222222,5.555555556,4.444444444,4.444444444,5.555555556,6.666666667
OLIVELANDS ELEMENTARY,PUBLIC,53,94.33962264,0,0,5.660377358,5.660377358,5.660377358,5.660377358,5.660377358,5.660377358
"DORRIS-EATON SCHOOL, THE",PRIVATE,39,94.87179487,0,2.564102564,2.564102564,5.128205128,5.128205128,5.128205128,5.128205128,5.128205128
HYATT ELEMENTARY,PUBLIC,124,98.38709677,1.612903226,0,0,1.612903226,1.612903226,1.612903226,1.612903226,1.612903226
ROLLING RIDGE ELEMENTARY,PUBLIC,60,95,0,0,5,5,5,5,5,5
MONTEZUMA ELEMENTARY,PUBLIC,95,92.63157895,7.368421053,0,0,4.210526316,4.210526316,6.315789474,3.157894737,0
SCHOOL OF THE MADELEINE,PRIVATE,62,95.16129032,3.225806452,0,1.612903226,1.612903226,4.838709677,1.612903226,1.612903226,4.838709677
TOLUCA LAKE ELEMENTARY,PUBLIC,119,85.71428571,8.403361345,0,5.882352941,11.76470588,11.76470588,14.28571429,5.882352941,5.882352941
ART HAYCOX ELEMENTARY,PUBLIC,180,98.33333333,1.666666667,0,0,1.666666667,0,1.666666667,0,0
COMMONWEALTH ELEMENTARY,PUBLIC,64,98.4375,1.5625,0,0,0,0,1.5625,0,0
PIONEER ELEMENTARY,PUBLIC,120,93.33333333,3.333333333,0,3.333333333,3.333333333,5,4.166666667,4.166666667,4.166666667
GRAND ISLAND ELEMENTARY,PUBLIC,13,92.30769231,7.692307692,0,0,7.692307692,7.692307692,7.692307692,0,0
PLUMAS AVENUE ELEMENTARY,PUBLIC,62,91.93548387,6.451612903,0,1.612903226,4.838709677,1.612903226,8.064516129,1.612903226,1.612903226
LAFAYETTE ELEMENTARY,PUBLIC,86,88.37209302,11.62790698,0,0,9.302325581,6.976744186,4.651162791,6.976744186,6.976744186
WATSONVILLE CHARTER SCHOOL OF THE ARTS,PUBLIC,42,85.71428571,0,0,14.28571429,14.28571429,14.28571429,14.28571429,14.28571429,14.28571429
MERCED COUNTY SPECIAL EDUCATION,PUBLIC,72,76.38888889,12.5,0,11.11111111,23.61111111,23.61111111,23.61111111,11.11111111,11.11111111
RIVIERA ELEMENTARY,PUBLIC,95,72.63157895,25.26315789,0,2.105263158,9.473684211,11.57894737,10.52631579,2.105263158,2.105263158
BERYL HEIGHTS ELEMENTARY,PUBLIC,54,88.88888889,0,0,11.11111111,11.11111111,11.11111111,11.11111111,11.11111111,11.11111111
CHAPMAN ELEMENTARY,PUBLIC,93,73.11827957,26.88172043,0,0,17.20430108,6.451612903,21.50537634,6.451612903,1.075268817
LUTHER BURBANK ELEMENTARY,PUBLIC,82,84.14634146,14.63414634,0,1.219512195,12.19512195,9.756097561,9.756097561,3.658536585,3.658536585
LYDIA JACKSON ELEMENTARY,PUBLIC,88,80.68181818,19.31818182,0,0,13.63636364,15.90909091,14.77272727,1.136363636,0
VAN AVERY PREP,PRIVATE,42,80.95238095,0,0,19.04761905,19.04761905,19.04761905,19.04761905,19.04761905,19.04761905
ROSE AVENUE ELEMENTARY,PUBLIC,144,97.91666667,2.083333333,0,0,1.388888889,1.388888889,1.388888889,0,0.694444444
BLOOMINGTON CHRISTIAN SCHOOL,PRIVATE,37,78.37837838,16.21621622,0,5.405405405,10.81081081,18.91891892,18.91891892,13.51351351,10.81081081
MORNING CREEK ELEMENTARY,PUBLIC,170,95.88235294,0.588235294,0,3.529411765,3.529411765,3.529411765,4.117647059,3.529411765,3.529411765
COBB (WILLIAM L.) ELEMENTARY,PUBLIC,36,94.44444444,5.555555556,0,0,5.555555556,5.555555556,0,0,0
GLIDER ELEMENTARY,PUBLIC,75,97.33333333,1.333333333,1.333333333,0,1.333333333,1.333333333,1.333333333,1.333333333,2.666666667
TRONA ELEMENTARY,PUBLIC,15,100,0,0,0,0,0,0,0,0
ST. JEROME ELEMENTARY,PRIVATE,19,63.15789474,31.57894737,0,5.263157895,26.31578947,26.31578947,36.84210526,26.31578947,26.31578947
YU MING CHARTER,PUBLIC,52,92.30769231,0,0,7.692307692,7.692307692,7.692307692,7.692307692,7.692307692,7.692307692
FREMONT ELEMENTARY,PUBLIC,94,96.80851064,1.063829787,0,2.127659574,3.191489362,3.191489362,3.191489362,2.127659574,2.127659574
PATHWAYS TO COLLEGE,PUBLIC,50,96,0,2,2,4,4,4,4,4
BRAGG ELEMENTARY,PUBLIC,114,75.43859649,24.56140351,0,0,21.05263158,14.9122807,21.92982456,0.877192982,2.631578947
ALTA LOMA CHRISTIAN,PRIVATE,35,94.28571429,0,0,5.714285714,5.714285714,5.714285714,5.714285714,5.714285714,5.714285714
PLEASANT VIEW ELEMENTARY,PUBLIC,84,95.23809524,4.761904762,0,0,2.380952381,2.380952381,0,0,0
SHERIDAN ELEMENTARY,PUBLIC,83,100,0,0,0,0,0,0,0,0
ST. CATHERINE OF SIENA ELEMENTARY,PRIVATE,37,100,0,0,0,0,0,0,0,0
KIMBERLY ELEMENTARY,PUBLIC,94,96.80851064,0,0,3.191489362,3.191489362,3.191489362,3.191489362,3.191489362,3.191489362
MONTERA ELEMENTARY,PUBLIC,98,100,0,0,0,0,0,0,0,0
COLFAX CHARTER ELEMENTARY,PUBLIC,112,90.17857143,2.678571429,0,7.142857143,8.035714286,9.821428571,8.928571429,7.142857143,8.035714286
MURRAY MANOR ELEMENTARY,PUBLIC,122,89.3442623,1.639344262,0,9.016393443,9.016393443,9.016393443,9.836065574,9.836065574,9.016393443
COMPETITIVE EDGE CHARTER ACADEMY (CECA),PUBLIC,75,90.66666667,6.666666667,0,2.666666667,8,8,9.333333333,2.666666667,8
OAKDALE ELEMENTARY,PUBLIC,60,96.66666667,3.333333333,0,0,3.333333333,3.333333333,3.333333333,1.666666667,1.666666667
KIPP RAICES ACADEMY,PUBLIC,110,90.90909091,8.181818182,0.909090909,0,4.545454545,8.181818182,8.181818182,5.454545455,7.272727273
BETHEL CHRISTIAN,PRIVATE,39,92.30769231,0,0,7.692307692,7.692307692,7.692307692,7.692307692,7.692307692,7.692307692
BAYWOOD ELEMENTARY,PUBLIC,153,96.07843137,1.960784314,0,1.960784314,3.267973856,3.267973856,3.267973856,3.267973856,2.614379085
GOLDEN VALLEY CHARTER SCHOOL OF SACRAMENTO,PUBLIC,65,43.07692308,26.15384615,0,30.76923077,47.69230769,47.69230769,46.15384615,49.23076923,44.61538462
FREMONT ELEMENTARY,PUBLIC,60,63.33333333,25,0,11.66666667,15,23.33333333,25,21.66666667,16.66666667
GUIDANCE CHARTER,PUBLIC,42,97.61904762,0,0,2.380952381,2.380952381,2.380952381,2.380952381,2.380952381,2.380952381
JAMES K. POLK ELEMENTARY,PUBLIC,138,99.27536232,0.724637681,0,0,0.724637681,0.724637681,0,0,0
MINERAL KING ELEMENTARY,PUBLIC,88,89.77272727,3.409090909,0,6.818181818,6.818181818,6.818181818,10.22727273,6.818181818,6.818181818
GRACE LUTHERAN,PRIVATE,21,100,0,0,0,0,0,0,0,0
CERES ELEMENTARY,PUBLIC,66,100,0,0,0,0,0,0,0,0
SUNRIDGE CHARTER,PUBLIC,41,39.02439024,0,0,60.97560976,60.97560976,60.97560976,60.97560976,60.97560976,60.97560976
REEDS CREEK ELEMENTARY,PUBLIC,11,81.81818182,9.090909091,0,9.090909091,9.090909091,9.090909091,9.090909091,18.18181818,9.090909091
RIVERSIDE CHRISTIAN DAY SCHOOL,PRIVATE,60,96.66666667,0,0,3.333333333,3.333333333,3.333333333,3.333333333,3.333333333,3.333333333
VISTA DEL VALLE ELEMENTARY,PUBLIC,39,89.74358974,0,0,10.25641026,10.25641026,10.25641026,10.25641026,10.25641026,10.25641026
MELROSE LEADERSHIP ACADEMY,PUBLIC,44,61.36363636,38.63636364,0,0,27.27272727,31.81818182,29.54545455,20.45454545,18.18181818
RAINBOW MONTESSORI C.D.C.,PRIVATE,158,89.87341772,8.860759494,0.632911392,0.632911392,3.164556962,2.53164557,3.797468354,2.53164557,3.164556962
EAST BAY WALDORF SCHOOL,PRIVATE,34,47.05882353,2.941176471,0,50,52.94117647,52.94117647,52.94117647,52.94117647,52.94117647
MATTOLE VALLEY CHARTER (#159),PUBLIC,53,28.30188679,20.75471698,0,50.94339623,71.69811321,69.81132075,71.69811321,66.03773585,64.1509434
ST. MICHAEL'S EPISCOPAL DAY SCHOOL,PRIVATE,26,92.30769231,3.846153846,0,3.846153846,3.846153846,3.846153846,7.692307692,3.846153846,3.846153846
MONTE GARDENS ELEMENTARY,PUBLIC,93,97.84946237,0,0,2.150537634,2.150537634,2.150537634,2.150537634,2.150537634,2.150537634
ELIZABETH LEARNING CENTER,PUBLIC,93,95.69892473,4.301075269,0,0,3.225806452,3.225806452,4.301075269,2.150537634,1.075268817
SAN JOSE STREET ELEMENTARY,PUBLIC,112,100,0,0,0,0,0,0,0,0
ERNIE PYLE ELEMENTARY,PUBLIC,91,96.7032967,2.197802198,0,1.098901099,1.098901099,2.197802198,1.098901099,3.296703297,1.098901099
LINCOLN ELEMENTARY,PUBLIC,111,96.3963964,3.603603604,0,0,3.603603604,2.702702703,1.801801802,0.900900901,0
MAYALL STREET ELEMENTARY,PUBLIC,62,100,0,0,0,0,0,0,0,0
LAKEWOOD ELEMENTARY,PUBLIC,63,82.53968254,17.46031746,0,0,14.28571429,14.28571429,15.87301587,1.587301587,0
RANCHITO AVENUE ELEMENTARY,PUBLIC,128,96.09375,0,1.5625,2.34375,3.90625,3.90625,3.90625,3.90625,3.90625
KELSO (WILLIAM H.) ELEMENTARY,PUBLIC,103,80.58252427,19.41747573,0,0,19.41747573,19.41747573,19.41747573,19.41747573,19.41747573
SOLEADO ELEMENTARY,PUBLIC,72,88.88888889,11.11111111,0,0,1.388888889,4.166666667,6.944444444,4.166666667,0
LOS ALTOS ELEMENTARY,PUBLIC,69,98.55072464,1.449275362,0,0,1.449275362,1.449275362,1.449275362,1.449275362,0
OUR LADY OF PERPETUAL HELP,PRIVATE,27,100,0,0,0,0,0,0,0,0
INGENIUM CHARTER,PUBLIC,89,100,0,0,0,0,0,0,0,0
LUCILLE ROYBAL-ALLARD ELEMENTARY,PUBLIC,98,52.04081633,47.95918367,0,0,33.67346939,32.65306122,32.65306122,26.53061224,16.32653061
TRINITY LUTHERAN SCHOOL,PRIVATE,27,88.88888889,3.703703704,0,7.407407407,11.11111111,11.11111111,11.11111111,7.407407407,11.11111111
HIGHLAND PACIFIC ELEMENTARY,PUBLIC,58,100,0,0,0,0,0,0,0,0
ALTA-DUTCH FLAT ELEMENTARY,PUBLIC,13,61.53846154,23.07692308,0,15.38461538,23.07692308,30.76923077,38.46153846,15.38461538,15.38461538
NINETY-SIXTH STREET ELEMENTARY,PUBLIC,127,78.74015748,20.47244094,0,0.787401575,14.96062992,13.38582677,2.362204724,1.57480315,0.787401575
TULSA STREET ELEMENTARY,PUBLIC,79,97.46835443,1.265822785,0,1.265822785,2.53164557,2.53164557,1.265822785,2.53164557,1.265822785
EASTBLUFF ELEMENTARY,PUBLIC,51,68.62745098,25.49019608,0,5.882352941,17.64705882,21.56862745,23.52941176,17.64705882,9.803921569
PETER MARSHALL ELEMENTARY,PUBLIC,103,90.29126214,8.737864078,0,0.970873786,6.796116505,6.796116505,5.825242718,1.941747573,1.941747573
WILLIAM KASEBERG ELEMENTARY,PUBLIC,62,91.93548387,8.064516129,0,0,4.838709677,4.838709677,6.451612903,3.225806452,1.612903226
CENTRAL ELEMENTARY,PUBLIC,68,94.11764706,0,0,5.882352941,5.882352941,5.882352941,5.882352941,5.882352941,5.882352941
ST. DOMINIC SAVIO,PRIVATE,27,100,0,0,0,0,0,0,0,0
PERRIS ELEMENTARY,PUBLIC,98,100,0,0,0,0,0,0,0,0
CHRISTA MCAULIFFE ELEMENTARY,PUBLIC,120,95.83333333,4.166666667,0,0,1.666666667,2.5,3.333333333,0,0
BURREL ELEMENTARY,PUBLIC,19,100,0,0,0,0,0,0,0,0
WOODROW ELEMENTARY,PUBLIC,59,84.74576271,0,15.25423729,0,15.25423729,15.25423729,15.25423729,15.25423729,15.25423729
ARROYO WEST ELEMENTARY,PUBLIC,91,92.30769231,0,0,7.692307692,7.692307692,7.692307692,7.692307692,7.692307692,7.692307692
JOSEPH H. WARDLAW ELEMENTARY,PUBLIC,165,96.36363636,3.636363636,0,0,2.424242424,0,3.03030303,0.606060606,0
MONROE ELEMENTARY,PUBLIC,77,81.81818182,1.298701299,0,16.88311688,16.88311688,16.88311688,16.88311688,18.18181818,16.88311688
EDISON-BETHUNE CHARTER ACADEMY,PUBLIC,79,94.93670886,5.063291139,0,0,3.797468354,3.797468354,0,2.53164557,0
HERITAGE MONTESSORI SCHOOL,PRIVATE,38,78.94736842,15.78947368,0,5.263157895,13.15789474,10.52631579,5.263157895,7.894736842,7.894736842
FAIRVIEW ELEMENTARY,PUBLIC,92,96.73913043,0,0,3.260869565,3.260869565,3.260869565,3.260869565,3.260869565,3.260869565
GRACIANO GOMEZ ELEMENTARY,PUBLIC,95,94.73684211,5.263157895,0,0,3.157894737,2.105263158,4.210526316,1.052631579,1.052631579
SACRED HEART SCHOOL,PRIVATE,28,100,0,0,0,0,0,0,0,0
CITRUS ELEMENTARY,PUBLIC,108,87.03703704,8.333333333,0,4.62962963,10.18518519,12.03703704,10.18518519,8.333333333,6.481481481
HENRY K-8,PUBLIC,120,93.33333333,3.333333333,0,3.333333333,5.833333333,5,5.833333333,4.166666667,5
ROSEWOOD AVENUE ELEMENTARY,PUBLIC,47,82.9787234,17.0212766,0,0,14.89361702,14.89361702,0,2.127659574,6.382978723
CEDAR LANE ELEMENTARY,PUBLIC,72,88.88888889,11.11111111,0,0,9.722222222,6.944444444,9.722222222,1.388888889,2.777777778
HALLMARK CHARTER,PUBLIC,19,68.42105263,5.263157895,0,26.31578947,31.57894737,31.57894737,31.57894737,26.31578947,26.31578947
ST. RAPHAEL ELEMENTARY,PRIVATE,26,100,0,0,0,0,0,0,0,0
HURLEY ELEMENTARY,PUBLIC,131,96.94656489,2.290076336,0,0.763358779,1.526717557,1.526717557,0.763358779,3.053435115,0.763358779
OUR LADY OF GRACE,PRIVATE,42,83.33333333,11.9047619,0,4.761904762,14.28571429,11.9047619,11.9047619,7.142857143,4.761904762
TAYLOR LEADERSHIP ACADEMY,PUBLIC,60,91.66666667,8.333333333,0,0,5,5,1.666666667,1.666666667,0
VALLE VISTA ELEMENTARY,PUBLIC,72,95.83333333,1.388888889,0,2.777777778,4.166666667,4.166666667,4.166666667,4.166666667,2.777777778
ROHR (FRED H.) ELEMENTARY,PUBLIC,35,97.14285714,0,0,2.857142857,2.857142857,2.857142857,2.857142857,2.857142857,2.857142857
MARGARET LANDELL ELEMENTARY,PUBLIC,127,97.63779528,1.57480315,0,0.787401575,2.362204724,0.787401575,1.57480315,0.787401575,0.787401575
WESTWOOD ELEMENTARY,PUBLIC,172,81.39534884,12.20930233,0,6.395348837,9.88372093,11.04651163,13.37209302,11.62790698,10.46511628
BALLARD ELEMENTARY,PUBLIC,15,100,0,0,0,0,0,0,0,0
VAN ALLEN ELEMENTARY,PUBLIC,61,91.80327869,6.557377049,1.639344262,0,8.196721311,6.557377049,6.557377049,4.918032787,6.557377049
PARK AVENUE ELEMENTARY,PUBLIC,41,100,0,0,0,0,0,0,0,0
HASKELL ELEMENTARY,PUBLIC,57,91.22807018,8.771929825,0,0,7.01754386,3.50877193,3.50877193,0,0
CHILDREN'S COMMUNITY CHARTER,PUBLIC,22,81.81818182,0,0,18.18181818,18.18181818,18.18181818,18.18181818,18.18181818,18.18181818
VALLEY LIFE CHARTER,PUBLIC,87,91.95402299,1.149425287,0,6.896551724,8.045977011,8.045977011,8.045977011,6.896551724,6.896551724
EL GABILAN ELEMENTARY,PUBLIC,120,92.5,7.5,0,0,6.666666667,4.166666667,4.166666667,2.5,5
DYER STREET ELEMENTARY,PUBLIC,135,96.2962963,3.703703704,0,0,2.962962963,1.481481481,1.481481481,1.481481481,0
SUN VALLEY ELEMENTARY,PUBLIC,86,59.30232558,38.37209302,0,2.325581395,26.74418605,24.41860465,25.58139535,19.76744186,13.95348837
RON NUNN ELEMENTARY,PUBLIC,75,92,0,0,8,8,8,8,8,8
SANCHEZ (GEORGE I.) ELEMENTARY,PUBLIC,74,100,0,0,0,0,0,0,0,0
JAMES DUKES ELEMENTARY,PUBLIC,63,84.12698413,11.11111111,0,4.761904762,12.6984127,14.28571429,14.28571429,9.523809524,4.761904762
SYCAMORE ELEMENTARY,PUBLIC,53,73.58490566,0,0,26.41509434,26.41509434,26.41509434,26.41509434,26.41509434,26.41509434
STRATFORD SCHOOL,PRIVATE,89,98.87640449,0,0,1.123595506,1.123595506,1.123595506,1.123595506,1.123595506,1.123595506
ALL START ACADEMY,PRIVATE,10,100,0,0,0,0,0,0,0,0
WASHINGTON ELEMENTARY,PUBLIC,152,97.36842105,1.315789474,0.657894737,0.657894737,2.631578947,2.631578947,2.631578947,1.973684211,1.315789474
CAMBRIDGE ELEMENTARY,PUBLIC,68,88.23529412,10.29411765,0,1.470588235,5.882352941,7.352941176,11.76470588,1.470588235,10.29411765
PALMA CEIA ELEMENTARY,PUBLIC,73,82.19178082,17.80821918,0,0,13.69863014,12.32876712,1.369863014,10.95890411,1.369863014
LA GRANADA ELEMENTARY,PUBLIC,117,96.58119658,1.709401709,0,1.709401709,2.564102564,2.564102564,3.418803419,1.709401709,1.709401709
CAMINO NUEVO CHARTER ACADEMY,PUBLIC,63,84.12698413,15.87301587,0,0,15.87301587,14.28571429,15.87301587,9.523809524,11.11111111
MCCLOUD ELEMENTARY,PUBLIC,10,80,0,0,20,20,20,20,20,20
WASHINGTON ELEMENTARY,PUBLIC,92,100,0,0,0,0,0,0,0,0
NORTH COTTONWOOD,PUBLIC,111,85.58558559,9.90990991,0,4.504504505,13.51351351,14.41441441,14.41441441,9.90990991,9.009009009
LOUIS MILANI ELEMENTARY,PUBLIC,52,94.23076923,5.769230769,0,0,3.846153846,1.923076923,0,0,0
AVAXAT ELEMENTARY,PUBLIC,126,96.03174603,0.793650794,0.793650794,2.380952381,3.968253968,3.174603175,3.174603175,3.174603175,3.174603175
WALTERIA ELEMENTARY,PUBLIC,104,95.19230769,3.846153846,0,0.961538462,3.846153846,0.961538462,1.923076923,0.961538462,0.961538462
MANZANITA ELEMENTARY,PUBLIC,115,92.17391304,6.956521739,0.869565217,0,6.086956522,6.956521739,5.217391304,3.47826087,2.608695652
MONTEVIDEO ELEMENTARY,PUBLIC,65,93.84615385,6.153846154,0,0,1.538461538,0,4.615384615,1.538461538,0
LEONTINE GRACEY ELEMENTARY,PUBLIC,134,78.35820896,20.14925373,0,1.492537313,19.40298507,16.41791045,20.14925373,4.47761194,1.492537313
MARK KEPPEL ELEMENTARY,PUBLIC,165,100,0,0,0,0,0,0,0,0
JOHNSON PARK ELEMENTARY,PUBLIC,73,86.30136986,12.32876712,0,1.369863014,10.95890411,6.849315068,10.95890411,2.739726027,2.739726027
GREEN TREE EAST ELEMENTARY,PUBLIC,101,77.22772277,20.79207921,0,1.98019802,19.8019802,13.86138614,15.84158416,10.89108911,5.940594059
APOSTLES LUTHERAN,PRIVATE,37,54.05405405,45.94594595,0,0,40.54054054,40.54054054,43.24324324,32.43243243,32.43243243
EUCLID AVENUE ELEMENTARY,PUBLIC,135,88.88888889,10.37037037,0,0.740740741,8.888888889,7.407407407,9.62962963,2.222222222,0.740740741
WESTMORLAND ELEMENTARY,PUBLIC,43,88.37209302,11.62790698,0,0,11.62790698,9.302325581,9.302325581,0,0
JEFFERSON ELEMENTARY,PUBLIC,76,98.68421053,1.315789474,0,0,1.315789474,0,0,0,0
ROSE DRIVE ELEMENTARY,PUBLIC,77,61.03896104,33.76623377,1.298701299,3.896103896,25.97402597,31.16883117,33.76623377,11.68831169,7.792207792
GOLDEN WEST ELEMENTARY,PUBLIC,49,100,0,0,0,0,0,0,0,0
EARL WARREN ELEMENTARY,PUBLIC,70,98.57142857,1.428571429,0,0,1.428571429,1.428571429,1.428571429,1.428571429,0
LANDMARK ELEMENTARY,PUBLIC,133,99.2481203,0,0,0.751879699,0.751879699,0.751879699,0.751879699,0.751879699,0.751879699
O. B. WHALEY ELEMENTARY,PUBLIC,75,100,0,0,0,0,0,0,0,0
MISSION ELEMENTARY,PUBLIC,101,94.05940594,5.940594059,0,0,1.98019802,1.98019802,0.99009901,0.99009901,0
GROVER BEACH ELEMENTARY,PUBLIC,77,90.90909091,0,0,9.090909091,9.090909091,9.090909091,9.090909091,9.090909091,9.090909091
CALVARY MURRIETA CHRISTIAN SCHOOLS,PRIVATE,44,93.18181818,0,0,6.818181818,6.818181818,6.818181818,6.818181818,6.818181818,6.818181818
FREMONT ELEMENTARY,PUBLIC,87,91.95402299,6.896551724,0,1.149425287,6.896551724,6.896551724,8.045977011,1.149425287,1.149425287
LINDA VISTA ELEMENTARY,PUBLIC,62,98.38709677,0,0,1.612903226,1.612903226,1.612903226,1.612903226,1.612903226,1.612903226
MICHAEL G. WICKMAN ELEMENTARY,PUBLIC,92,98.91304348,0,0,1.086956522,1.086956522,1.086956522,1.086956522,1.086956522,1.086956522
EDWARD L. WENZLAFF ELEMENTARY,PUBLIC,134,99.25373134,0.746268657,0,0,0.746268657,0.746268657,0.746268657,0,0
SIXTY-FIRST STREET ELEMENTARY,PUBLIC,102,69.60784314,30.39215686,0,0,23.52941176,13.7254902,17.64705882,4.901960784,0.980392157
LANGE (DOROTHEA) ELEMENTARY,PUBLIC,86,93.02325581,2.325581395,0,4.651162791,6.976744186,5.813953488,6.976744186,4.651162791,4.651162791
ROCKETSHIP LOS SUENOS ACADEMY,PUBLIC,114,100,0,0,0,0,0,0,0,0
LONE STAR ELEMENTARY,PUBLIC,54,96.2962963,1.851851852,0,1.851851852,3.703703704,3.703703704,3.703703704,3.703703704,1.851851852
NEW HAVEN ELEMENTARY,PUBLIC,60,100,0,0,0,0,0,0,0,0
CHRISTOPHER ELEMENTARY,PUBLIC,64,100,0,0,0,0,0,0,0,0
OLEANDER ELEMENTARY,PUBLIC,187,98.93048128,0.534759358,0.534759358,0,1.069518717,0.534759358,0.534759358,0.534759358,0.534759358
COASTAL GROVE CHARTER,PUBLIC,29,31.03448276,0,0,68.96551724,68.96551724,68.96551724,68.96551724,68.96551724,68.96551724
"OAKS, THE",PRIVATE,25,80,20,0,0,20,20,20,20,20
OPAL ROBINSON ELEMENTARY,PUBLIC,69,88.4057971,2.898550725,0,8.695652174,8.695652174,8.695652174,8.695652174,11.5942029,8.695652174
SMALL WORLD CHRISTIAN K-2,PRIVATE,15,100,0,0,0,0,0,0,0,0
CEDAR SPRINGS WALDORF SCHOOL,PRIVATE,20,50,0,0,50,50,50,50,50,50
CARVER ELEMENTARY,PUBLIC,86,86.04651163,13.95348837,0,0,6.976744186,6.976744186,10.46511628,3.488372093,2.325581395
BONITA CANYON ELEMENTARY,PUBLIC,57,84.21052632,1.754385965,0,14.03508772,15.78947368,15.78947368,15.78947368,14.03508772,14.03508772
VALLEY CHRISTIAN SCHOOL,PRIVATE,24,100,0,0,0,0,0,0,0,0
SANTA MARGARITA ELEMENTARY,PUBLIC,128,91.40625,0,0,8.59375,8.59375,8.59375,8.59375,8.59375,8.59375
SIERRA LINDA ELEMENTARY,PUBLIC,80,98.75,1.25,0,0,0,0,0,0,1.25
EMERSON (RALPH WALDO) ELEMENTARY,PUBLIC,76,92.10526316,3.947368421,0,3.947368421,6.578947368,6.578947368,7.894736842,3.947368421,3.947368421
WHITE OAKS ELEMENTARY,PUBLIC,77,94.80519481,1.298701299,0,3.896103896,5.194805195,5.194805195,3.896103896,3.896103896,3.896103896
REDWOOD ELEMENTARY,PUBLIC,90,98.88888889,1.111111111,0,0,1.111111111,1.111111111,0,1.111111111,0
THE ONTARIO CENTER,PUBLIC,130,86.15384615,13.84615385,0,0,9.230769231,4.615384615,0.769230769,9.230769231,0.769230769
LAUREL DELL ELEMENTARY,PUBLIC,45,75.55555556,24.44444444,0,0,17.77777778,15.55555556,17.77777778,11.11111111,11.11111111
MARTIN LUTHER KING JR. ELEMENTARY,PUBLIC,150,96.66666667,3.333333333,0,0,2.666666667,2.666666667,2.666666667,0.666666667,0.666666667
MICHAEL D'ARCY ELEMENTARY,PUBLIC,67,94.02985075,5.970149254,0,0,5.970149254,5.970149254,2.985074627,5.970149254,0
JULIEN HATHAWAY ELEMENTARY,PUBLIC,100,92,8,0,0,7,6,8,3,1
HESBY OAKS LEADERSHIP CHARTER,PUBLIC,59,100,0,0,0,0,0,0,0,0
SANTA ROSA ROAD ACADEMIC ACADEMY,PUBLIC,86,88.37209302,5.813953488,0,5.813953488,11.62790698,11.62790698,10.46511628,5.813953488,5.813953488
FIESTA GARDENS INTERNATIONAL ELEMENTARY,PUBLIC,98,98.97959184,0,0,1.020408163,1.020408163,1.020408163,1.020408163,1.020408163,1.020408163
ANAHEIM HILLS ELEMENTARY,PUBLIC,73,89.04109589,5.479452055,0,5.479452055,5.479452055,5.479452055,10.95890411,8.219178082,8.219178082
TULARCITOS ELEMENTARY,PUBLIC,89,58.42696629,26.96629213,0,14.60674157,17.97752809,15.73033708,30.33707865,20.2247191,15.73033708
ST. HYACINTH ACADEMY,PRIVATE,26,92.30769231,0,0,7.692307692,7.692307692,7.692307692,7.692307692,7.692307692,7.692307692
CATHEDRAL CITY ELEMENTARY,PUBLIC,118,98.30508475,1.694915254,0,0,0.847457627,0.847457627,1.694915254,0.847457627,0
CARLTON ELEMENTARY,PUBLIC,115,86.95652174,11.30434783,0,1.739130435,5.217391304,4.347826087,5.217391304,3.47826087,3.47826087
ALPHA-SHEN KINDERGARTEN,PRIVATE,30,100,0,0,0,0,0,0,0,0
GRACE BRETHREN ELEMENTARY,PRIVATE,67,94.02985075,0,0,5.970149254,5.970149254,5.970149254,5.970149254,5.970149254,5.970149254
MANUEL F. HERNANDEZ,PUBLIC,145,96.55172414,0,0.689655172,2.75862069,3.448275862,3.448275862,3.448275862,3.448275862,3.448275862
H. W. HARKNESS ELEMENTARY,PUBLIC,58,89.65517241,10.34482759,0,0,8.620689655,3.448275862,5.172413793,0,1.724137931
BELL AVENUE ELEMENTARY,PUBLIC,75,96,4,0,0,4,4,4,0,0
EXCELSIOR ELEMENTARY,PUBLIC,104,99.03846154,0,0,0.961538462,0.961538462,0.961538462,0.961538462,0.961538462,0.961538462
MESA VERDE ELEMENTARY,PUBLIC,113,92.03539823,5.309734513,0,2.654867257,4.424778761,3.539823009,4.424778761,4.424778761,2.654867257
ONE HUNDRED THIRTY-FIFTH STREET ELEMENTARY,PUBLIC,156,74.35897436,25.64102564,0,0,23.71794872,17.94871795,21.15384615,3.205128205,1.282051282
BURNETT ELEMENTARY,PUBLIC,150,80,20,0,0,5.333333333,5.333333333,6.666666667,2.666666667,0
CIENEGA ELEMENTARY,PUBLIC,137,44.52554745,54.74452555,0,0.729927007,40.1459854,26.27737226,13.13868613,37.22627737,17.51824818
MARY B. LEWIS ELEMENTARY,PUBLIC,105,95.23809524,3.80952381,0.952380952,0,1.904761905,1.904761905,4.761904762,1.904761905,1.904761905
WOODROW W. WALLACE ELEMENTARY,PUBLIC,111,91.89189189,8.108108108,0,0,5.405405405,3.603603604,7.207207207,0.900900901,1.801801802
MARQUEZ AVENUE ELEMENTARY,PUBLIC,87,79.31034483,18.3908046,0,2.298850575,10.34482759,11.49425287,9.195402299,6.896551724,8.045977011
PONDEROSA ELEMENTARY,PUBLIC,72,100,0,0,0,0,0,0,0,0
SANTA FE SPRINGS CHRISTIAN SCHOOL,PRIVATE,23,73.91304348,8.695652174,0,17.39130435,26.08695652,21.73913043,21.73913043,21.73913043,21.73913043
CHRISTA MCAULIFFE ELEMENTARY,PUBLIC,105,91.42857143,3.80952381,0,4.761904762,5.714285714,6.666666667,7.619047619,4.761904762,4.761904762
LAFAYETTE ELEMENTARY,PUBLIC,48,91.66666667,6.25,0,2.083333333,2.083333333,2.083333333,6.25,4.166666667,2.083333333
BOBIER ELEMENTARY,PUBLIC,91,93.40659341,4.395604396,0,2.197802198,5.494505495,6.593406593,5.494505495,2.197802198,2.197802198
MOJAVE ELEMENTARY,PUBLIC,76,92.10526316,5.263157895,0,2.631578947,6.578947368,5.263157895,5.263157895,3.947368421,2.631578947
FOOTHILL OAK ELEMENTARY,PUBLIC,154,97.4025974,1.298701299,0,1.298701299,1.948051948,1.298701299,1.298701299,2.597402597,1.298701299
MITCHELL ELEMENTARY,PUBLIC,80,95,5,0,0,5,2.5,1.25,0,0
LAURELGLEN ELEMENTARY,PUBLIC,135,99.25925926,0,0.740740741,0,0.740740741,0.740740741,0.740740741,0.740740741,0.740740741
COMMUNITY ROOTS ACADEMY,PUBLIC,83,26.5060241,65.06024096,0,8.43373494,46.98795181,45.78313253,51.80722892,27.71084337,14.45783133
STEELE LANE ELEMENTARY,PUBLIC,86,100,0,0,0,0,0,0,0,0
MAIN STREET ELEMENTARY,PUBLIC,54,74.07407407,9.259259259,0,16.66666667,20.37037037,22.22222222,22.22222222,20.37037037,16.66666667
ST. LEO THE GREAT SCHOOL,PRIVATE,32,96.875,0,0,3.125,3.125,3.125,3.125,3.125,3.125
RIO DEL NORTE,PUBLIC,96,82.29166667,16.66666667,1.041666667,0,16.66666667,10.41666667,14.58333333,2.083333333,2.083333333
W. A. KENDRICK ELEMENTARY,PUBLIC,151,100,0,0,0,0,0,0,0,0
FREMONT ELEMENTARY,PUBLIC,100,99,1,0,0,0,0,1,0,0
DEL REY ELEMENTARY,PUBLIC,114,88.59649123,5.263157895,0,6.140350877,7.01754386,6.140350877,10.52631579,6.140350877,6.140350877
CARL HARVEY ELEMENTARY,PUBLIC,85,100,0,0,0,0,0,0,0,0
CENTER STREET ELEMENTARY,PUBLIC,147,78.23129252,19.72789116,0.680272109,1.360544218,16.32653061,14.28571429,17.68707483,6.802721088,6.802721088
BRIDGEPORT ELEMENTARY,PUBLIC,106,94.33962264,0,0,5.660377358,5.660377358,5.660377358,5.660377358,5.660377358,5.660377358
DISCOVERY ISLE CHILD DEVELOPMENT CENTER,PRIVATE,11,100,0,0,0,0,0,0,0,0
EAST OAKLAND LEADERSHIP ACADEMY,PUBLIC,12,100,0,0,0,0,0,0,0,0
POTTER VALLEY ELEMENTARY,PUBLIC,17,94.11764706,5.882352941,0,0,0,0,0,0,5.882352941
ST. RITA CATHOLIC SCHOOL,PRIVATE,34,76.47058824,5.882352941,2.941176471,14.70588235,20.58823529,23.52941176,23.52941176,17.64705882,20.58823529
ST. MARY OF THE ANGELS,PRIVATE,23,100,0,0,0,0,0,0,0,0
MONTESSORI IN REDLANDS,PRIVATE,37,97.2972973,0,0,2.702702703,2.702702703,2.702702703,2.702702703,2.702702703,2.702702703
WESTMONT ELEMENTARY,PUBLIC,119,98.31932773,1.680672269,0,0,0.840336134,0.840336134,0.840336134,0,0
SYBIL N. CROOKHAM ELEMENTARY,PUBLIC,97,97.93814433,1.030927835,0,1.030927835,2.06185567,1.030927835,1.030927835,1.030927835,1.030927835
JOHN FREMONT ELEMENTARY,PUBLIC,77,94.80519481,1.298701299,0,3.896103896,5.194805195,3.896103896,3.896103896,3.896103896,3.896103896
CAMELLIA AVENUE ELEMENTARY,PUBLIC,149,97.31543624,2.684563758,0,0,2.013422819,1.342281879,0.67114094,0,0
EAST AVENUE ELEMENTARY,PUBLIC,91,91.20879121,7.692307692,0,1.098901099,6.593406593,8.791208791,1.098901099,1.098901099,3.296703297
BEECH AVENUE ELEMENTARY,PUBLIC,159,98.74213836,0.628930818,0,0.628930818,1.257861635,0.628930818,1.257861635,0.628930818,0.628930818
ONE HUNDRED NINTH STREET ELEMENTARY,PUBLIC,88,77.27272727,22.72727273,0,0,19.31818182,18.18181818,3.409090909,4.545454545,4.545454545
ST. PAUL'S FIRST LUTHERAN SCHOOL,PRIVATE,13,84.61538462,15.38461538,0,0,15.38461538,7.692307692,15.38461538,7.692307692,7.692307692
WINCHELL ELEMENTARY,PUBLIC,125,98.4,1.6,0,0,1.6,1.6,0.8,0,0
WESTCHESTER LUTHERAN SCHOOL,PRIVATE,47,93.61702128,0,2.127659574,4.255319149,6.382978723,6.382978723,6.382978723,6.382978723,6.382978723
DWIGHT EISENHOWER ELEMENTARY,PUBLIC,52,96.15384615,3.846153846,0,0,3.846153846,1.923076923,3.846153846,0,0
MURDOCK-PORTAL ELEMENTARY,PUBLIC,95,97.89473684,2.105263158,0,0,1.052631579,1.052631579,2.105263158,0,0
CARRILLO ELEMENTARY,PUBLIC,181,87.29281768,1.104972376,0,11.60220994,12.15469613,12.15469613,12.70718232,11.60220994,11.60220994
JAMUL PRIMARY,PUBLIC,62,85.48387097,12.90322581,0,1.612903226,8.064516129,8.064516129,9.677419355,4.838709677,4.838709677
CASTRO VALLEY ELEMENTARY,PUBLIC,133,83.45864662,15.03759398,0,1.503759398,3.759398496,7.518796992,12.78195489,4.511278195,3.759398496
BAY FARM ELEMENTARY,PUBLIC,72,95.83333333,4.166666667,0,0,1.388888889,0,2.777777778,1.388888889,0
ST. EUGENE,PRIVATE,22,95.45454545,0,0,4.545454545,4.545454545,4.545454545,4.545454545,4.545454545,4.545454545
SUNNY SANDS ELEMENTARY,PUBLIC,143,91.60839161,7.692307692,0,0.699300699,4.895104895,5.594405594,3.496503497,0.699300699,0.699300699
THOMAS JEFFERSON ELEMENTARY,PUBLIC,84,95.23809524,4.761904762,0,0,0,1.19047619,2.380952381,2.380952381,0
MAR VISTA ELEMENTARY,PUBLIC,79,69.62025316,22.78481013,0,7.594936709,18.98734177,18.98734177,20.25316456,8.860759494,10.12658228
ACORN WOODLAND ELEMENTARY,PUBLIC,54,94.44444444,5.555555556,0,0,3.703703704,3.703703704,1.851851852,0,0
ANAVERDE HILLS,PUBLIC,59,88.13559322,5.084745763,1.694915254,5.084745763,10.16949153,10.16949153,10.16949153,10.16949153,11.86440678
GRANT ELEMENTARY,PUBLIC,127,96.06299213,3.149606299,0,0.787401575,3.937007874,3.937007874,3.937007874,3.937007874,3.149606299
KIRK O' THE VALLEY SCHOOL,PRIVATE,23,82.60869565,4.347826087,0,13.04347826,17.39130435,17.39130435,13.04347826,13.04347826,13.04347826
R. S. M. MONTESSORI ELEMENTARY,PRIVATE,20,95,0,0,5,5,5,5,5,5
PIERCE ELEMENTARY,PUBLIC,56,66.07142857,30.35714286,0,3.571428571,30.35714286,30.35714286,30.35714286,19.64285714,16.07142857
LOS ANGELES LEADERSHIP PRIMARY ACADEMY,PUBLIC,70,81.42857143,18.57142857,0,0,18.57142857,12.85714286,17.14285714,1.428571429,0
LA PATERA ELEMENTARY,PUBLIC,53,98.11320755,0,0,1.886792453,1.886792453,1.886792453,1.886792453,1.886792453,1.886792453
RED OAK ELEMENTARY,PUBLIC,130,74.61538462,19.23076923,1.538461538,4.615384615,23.84615385,23.07692308,20,6.153846154,6.153846154
BULLARD TALENT PROJECT,PUBLIC,77,96.1038961,2.597402597,0,1.298701299,1.298701299,2.597402597,2.597402597,1.298701299,1.298701299
WOODLAND PRAIRIE ELEMENTARY,PUBLIC,122,99.18032787,0,0,0.819672131,0.819672131,0.819672131,0.819672131,0.819672131,0.819672131
GARVANZA ELEMENTARY,PUBLIC,57,64.9122807,35.0877193,0,0,28.07017544,26.31578947,24.56140351,3.50877193,3.50877193
ST. BRENDAN ELEMENTARY,PRIVATE,36,100,0,0,0,0,0,0,0,0
HOLY CROSS SCHOOL,PRIVATE,21,80.95238095,14.28571429,0,4.761904762,19.04761905,19.04761905,19.04761905,4.761904762,4.761904762
ALICE M. BIRNEY ELEMENTARY,PUBLIC,97,98.96907216,1.030927835,0,0,1.030927835,0,1.030927835,0,0
SAINT MONICA SCHOOL,PRIVATE,31,96.77419355,0,0,3.225806452,3.225806452,3.225806452,3.225806452,3.225806452,3.225806452
LUPINE HILLS ELEMENTARY,PUBLIC,52,100,0,0,0,0,0,0,0,0
EAGLE PRAIRIE ELEMENTARY,PUBLIC,39,94.87179487,0,0,5.128205128,5.128205128,5.128205128,5.128205128,5.128205128,5.128205128
PARADISE CANYON ELEMENTARY,PUBLIC,83,95.18072289,1.204819277,0,3.614457831,3.614457831,3.614457831,3.614457831,4.819277108,3.614457831
CHRIST CHURCH DAY SCHOOL,PRIVATE,22,72.72727273,27.27272727,0,0,22.72727273,18.18181818,18.18181818,13.63636364,4.545454545
CORNERSTONE CHRISTIAN,PRIVATE,22,86.36363636,0,0,13.63636364,13.63636364,13.63636364,13.63636364,13.63636364,13.63636364
DIAMOND POINT ELEMENTARY,PUBLIC,44,97.72727273,0,0,2.272727273,2.272727273,2.272727273,2.272727273,2.272727273,2.272727273
PLUM CANYON ELEMENTARY,PUBLIC,81,90.12345679,3.703703704,0,6.172839506,8.641975309,8.641975309,6.172839506,7.407407407,6.172839506
ASCENSION LUTHERAN SCHOOL,PRIVATE,14,42.85714286,50,0,7.142857143,21.42857143,57.14285714,42.85714286,28.57142857,21.42857143
PLEASANT VALLEY ELEMENTARY,PUBLIC,80,91.25,0,0,8.75,8.75,8.75,8.75,8.75,8.75
HOLLYWOOD PRIMARY CENTER,PUBLIC,74,89.18918919,9.459459459,0,1.351351351,8.108108108,8.108108108,10.81081081,1.351351351,1.351351351
ALVIEW ELEMENTARY,PUBLIC,35,97.14285714,2.857142857,0,0,2.857142857,2.857142857,2.857142857,0,0
MEAD VALLEY ELEMENTARY,PUBLIC,120,96.66666667,3.333333333,0,0,3.333333333,3.333333333,3.333333333,2.5,3.333333333
STONE BRIDGE,PUBLIC,40,60,0,0,40,40,40,40,40,40
ROYAL OAKS ELEMENTARY,PUBLIC,80,96.25,1.25,0,2.5,3.75,3.75,3.75,3.75,3.75
GLOBAL EDUCATION ACADEMY,PUBLIC,40,97.5,2.5,0,0,2.5,0,2.5,0,0
LEWIS ELEMENTARY,PUBLIC,122,96.72131148,3.278688525,0,0,2.459016393,0.819672131,0,0,0
NORTH VALLEY BAPTIST,PRIVATE,19,63.15789474,0,0,36.84210526,36.84210526,36.84210526,36.84210526,36.84210526,36.84210526
LIVE OAK ELEMENTARY,PUBLIC,77,89.61038961,6.493506494,0,3.896103896,6.493506494,5.194805195,10.38961039,3.896103896,3.896103896
JOAQUIN MILLER ELEMENTARY,PUBLIC,99,93.93939394,6.060606061,0,0,3.03030303,2.02020202,3.03030303,1.01010101,1.01010101
JEFFERSON (THOMAS) ELEMENTARY,PUBLIC,89,100,0,0,0,0,0,0,0,0
CHAVEZ ELEMENTARY,PUBLIC,67,98.50746269,1.492537313,0,0,1.492537313,1.492537313,0,0,0
VERDUGO WOODLANDS ELEMENTARY,PUBLIC,140,81.42857143,12.85714286,4.285714286,1.428571429,10.71428571,11.42857143,7.857142857,5.714285714,7.857142857
NORD COUNTRY,PUBLIC,21,95.23809524,0,0,4.761904762,4.761904762,4.761904762,4.761904762,4.761904762,4.761904762
RED HILL LUTHERAN,PRIVATE,76,86.84210526,1.315789474,1.315789474,10.52631579,13.15789474,11.84210526,13.15789474,11.84210526,11.84210526
HARDING STREET ELEMENTARY,PUBLIC,87,91.95402299,5.747126437,0,2.298850575,8.045977011,6.896551724,6.896551724,4.597701149,3.448275862
"MONTESSORI GREENHOUSE SCHOOLS, LLC",PRIVATE,34,85.29411765,2.941176471,0,11.76470588,14.70588235,11.76470588,11.76470588,11.76470588,11.76470588
CAMELLIA ELEMENTARY,PUBLIC,80,90,10,0,0,6.25,3.75,7.5,2.5,1.25
LA JOLLA COUNTRY DAY SCHOOL,PRIVATE,46,91.30434783,6.52173913,0,2.173913043,8.695652174,8.695652174,8.695652174,8.695652174,2.173913043
NEW HARVEST CHRISTIAN SCHOOL,PRIVATE,19,100,0,0,0,0,0,0,0,0
TIERRA VISTA ELEMENTARY,PUBLIC,125,96,4,0,0,4,4,4,0,0
GRANT ELEMENTARY,PUBLIC,87,94.25287356,4.597701149,0,1.149425287,3.448275862,2.298850575,3.448275862,3.448275862,1.149425287
CHANDLER ELEMENTARY,PUBLIC,124,87.09677419,4.032258065,1.612903226,7.258064516,12.90322581,12.09677419,8.870967742,8.870967742,8.870967742
SUNDANCE ELEMENTARY,PUBLIC,137,94.89051095,2.919708029,0,2.189781022,4.379562044,4.379562044,4.379562044,3.649635036,2.919708029
ADAMS ELEMENTARY,PUBLIC,102,84.31372549,14.70588235,0,0.980392157,13.7254902,11.76470588,12.74509804,1.960784314,1.960784314
ROCKLIN ELEMENTARY,PUBLIC,53,90.56603774,5.660377358,0,3.773584906,7.547169811,9.433962264,7.547169811,7.547169811,7.547169811
BEARDSLEE ELEMENTARY,PUBLIC,46,97.82608696,0,0,2.173913043,2.173913043,2.173913043,2.173913043,2.173913043,2.173913043
DARNALL CHARTER,PUBLIC,77,100,0,0,0,0,0,0,0,0
"NEW VILLAGE SCHOOL, THE",PRIVATE,21,28.57142857,0,0,71.42857143,71.42857143,71.42857143,71.42857143,71.42857143,71.42857143
PETERS CANYON ELEMENTARY,PUBLIC,45,84.44444444,13.33333333,0,2.222222222,15.55555556,6.666666667,6.666666667,4.444444444,4.444444444
OAK GROVE ELEMENTARY,PUBLIC,98,78.57142857,20.40816327,1.020408163,0,13.26530612,12.24489796,16.32653061,9.183673469,4.081632653
JOSHUA SPRINGS CHRISTIAN SCHOOL,PRIVATE,25,72,8,4,16,24,28,24,20,20
CONLEY ELEMENTARY,PUBLIC,67,91.04477612,5.970149254,2.985074627,0,5.970149254,5.970149254,5.970149254,2.985074627,2.985074627
SAINT JEANNE DE LESTONNAC,PRIVATE,45,86.66666667,2.222222222,0,11.11111111,13.33333333,13.33333333,13.33333333,11.11111111,11.11111111
MELROSE ELEMENTARY,PUBLIC,136,88.97058824,10.29411765,0,0.735294118,7.352941176,8.823529412,9.558823529,5.882352941,0.735294118
JOHNSON ELEMENTARY,PUBLIC,107,92.52336449,7.476635514,0,0,5.607476636,1.869158879,0,0,0
DEL NORTE ELEMENTARY,PUBLIC,127,92.12598425,7.874015748,0,0,6.299212598,6.299212598,7.874015748,4.724409449,4.724409449
FOSHAY LEARNING CENTER,PUBLIC,24,87.5,12.5,0,0,8.333333333,8.333333333,4.166666667,0,0
GABILAN ELEMENTARY,PUBLIC,61,100,0,0,0,0,0,0,0,0
MILL STREET ELEMENTARY,PUBLIC,188,100,0,0,0,0,0,0,0,0
R. I. MEYERHOLZ ELEMENTARY,PUBLIC,120,95,5,0,0,2.5,2.5,2.5,1.666666667,0
CHINESE CHRISTIAN SCHOOLSALAMEDA,PRIVATE,20,100,0,0,0,0,0,0,0,0
MIGUEL HIDALGO ELEMENTARY,PUBLIC,81,96.2962963,3.703703704,0,0,3.703703704,2.469135802,3.703703704,0,2.469135802
THE JOHN THOMAS DYE SCHOOL,PRIVATE,47,87.23404255,0,0,12.76595745,12.76595745,12.76595745,12.76595745,12.76595745,12.76595745
CAMINO NUEVO CHARTER ACADEMY NO. 4,PUBLIC,69,73.91304348,26.08695652,0,0,21.73913043,23.1884058,18.84057971,7.246376812,7.246376812
SOLANO COUNTY SPECIAL EDUCATION,PUBLIC,10,100,0,0,0,0,0,0,0,0
TRINITY CHRISTIAN SCHOOL,PRIVATE,17,94.11764706,0,0,5.882352941,5.882352941,5.882352941,5.882352941,5.882352941,5.882352941
BRADOAKS ELEMENTARY,PUBLIC,99,90.90909091,4.04040404,0,5.050505051,5.050505051,6.060606061,6.060606061,7.070707071,6.060606061
MISSION AVENUE OPEN ELEMENTARY,PUBLIC,61,70.49180328,24.59016393,0,4.918032787,26.2295082,21.31147541,24.59016393,8.196721311,6.557377049
JOHN MUIR ELEMENTARY,PUBLIC,75,100,0,0,0,0,0,0,0,0
ST. ROSE OF LIMA SCHOOL,PRIVATE,23,65.2173913,34.7826087,0,0,0,26.08695652,13.04347826,0,0
HORACE CURETON ELEMENTARY,PUBLIC,104,93.26923077,6.730769231,0,0,6.730769231,6.730769231,5.769230769,6.730769231,6.730769231
LEONARDO DA VINCI HEALTH SCIENCES CHARTER,PUBLIC,46,89.13043478,2.173913043,0,8.695652174,8.695652174,10.86956522,8.695652174,8.695652174,8.695652174
STRATHMORE ELEMENTARY,PUBLIC,105,99.04761905,0.952380952,0,0,0.952380952,0,0,0,0
CARL B. MUNCK ELEMENTARY,PUBLIC,41,80.48780488,19.51219512,0,0,17.07317073,9.756097561,9.756097561,9.756097561,4.87804878
KESTER AVENUE ELEMENTARY,PUBLIC,167,97.00598802,1.796407186,0,1.19760479,1.796407186,1.796407186,1.19760479,1.796407186,1.19760479
STOCKTON CHRISTIAN,PRIVATE,12,91.66666667,0,0,8.333333333,8.333333333,8.333333333,8.333333333,8.333333333,8.333333333
ROBERT F. KENNEDY ELEMENTARY,PUBLIC,111,97.2972973,1.801801802,0,0.900900901,2.702702703,2.702702703,1.801801802,1.801801802,1.801801802
WEST VALLEY CHRISTIAN SCHOOL,PRIVATE,37,83.78378378,8.108108108,0,8.108108108,8.108108108,10.81081081,16.21621622,8.108108108,8.108108108
BEAR MOUNTAIN ELEMENTARY,PUBLIC,155,98.06451613,1.935483871,0,0,1.290322581,1.290322581,1.290322581,0.64516129,0.64516129
POINSETTIA ELEMENTARY,PUBLIC,78,78.20512821,7.692307692,0,14.1025641,19.23076923,19.23076923,21.79487179,15.38461538,14.1025641
QUINCY JONES ELEMENTARY,PUBLIC,61,100,0,0,0,0,0,0,0,0
GUIN FOSS ELEMENTARY,PUBLIC,108,81.48148148,17.59259259,0,0.925925926,13.88888889,12.96296296,16.66666667,4.62962963,4.62962963
FRANK VESSELS ELEMENTARY,PUBLIC,83,90.36144578,6.024096386,0,3.614457831,9.638554217,6.024096386,8.43373494,3.614457831,4.819277108
ST. IGNATIUS OF LOYOLA ELEMENTARY,PRIVATE,23,100,0,0,0,0,0,0,0,0
LUCILLE J. SMITH ELEMENTARY,PUBLIC,75,80,20,0,0,10.66666667,10.66666667,18.66666667,0,0
NEW JERUSALEM ELEMENTARY,PUBLIC,23,95.65217391,0,0,4.347826087,4.347826087,4.347826087,4.347826087,4.347826087,4.347826087
PIONEER ELEMENTARY,PUBLIC,119,94.11764706,1.680672269,0,4.201680672,5.042016807,4.201680672,4.201680672,5.042016807,4.201680672
MONTESSORI SCHOOL OF CHINO HILLS,PRIVATE,48,97.91666667,0,0,2.083333333,2.083333333,2.083333333,2.083333333,2.083333333,2.083333333
BLESSED SACRAMENT SCHOOL,PRIVATE,10,100,0,0,0,0,0,0,0,0
COMMUNITY OUTREACH ACADEMY,PUBLIC,167,31.73652695,0.598802395,2.395209581,65.26946108,68.26347305,68.26347305,68.26347305,68.26347305,68.26347305
MONTEBELLO PARK ELEMENTARY,PUBLIC,104,100,0,0,0,0,0,0,0,0
JOHN EHRHARDT ELEMENTARY,PUBLIC,120,95.83333333,0.833333333,0.833333333,2.5,4.166666667,4.166666667,3.333333333,3.333333333,3.333333333
SONOMA COUNTY SPECIAL EDUCATION,PUBLIC,28,60.71428571,32.14285714,0,7.142857143,39.28571429,35.71428571,39.28571429,7.142857143,10.71428571
CASTROVILLE ELEMENTARY,PUBLIC,113,100,0,0,0,0,0,0,0,0
"KRYSTAL SCHOOL OF SCIENCE, MATH & TECHNOLOGY",PUBLIC,121,95.8677686,0.826446281,0,3.305785124,4.132231405,3.305785124,3.305785124,3.305785124,3.305785124
ERNEST O. LAWRENCE ELEMENTARY,PUBLIC,75,98.66666667,0,0,1.333333333,1.333333333,1.333333333,1.333333333,1.333333333,1.333333333
RIVIERA ELEMENTARY,PUBLIC,45,95.55555556,2.222222222,0,2.222222222,4.444444444,2.222222222,4.444444444,2.222222222,2.222222222
CESAR E CHAVEZ ELEMENTARY,PUBLIC,72,100,0,0,0,0,0,0,0,0
PALMETTO ELEMENTARY,PUBLIC,147,99.31972789,0.680272109,0,0,0.680272109,0,0,0,0
DRY CREEK ELEMENTARY,PUBLIC,109,88.0733945,6.422018349,0,5.504587156,10.09174312,7.339449541,8.256880734,7.339449541,5.504587156
KING'S SCHOOLS OF THE DESERT,PRIVATE,21,80.95238095,19.04761905,0,0,4.761904762,4.761904762,19.04761905,4.761904762,0
GLEN PARK ELEMENTARY,PUBLIC,61,93.44262295,6.557377049,0,0,3.278688525,4.918032787,0,1.639344262,0
OUR LADY OF PERPETUAL HELP ELEMENTARY,PRIVATE,42,90.47619048,7.142857143,0,2.380952381,4.761904762,4.761904762,7.142857143,4.761904762,2.380952381
ELIM ELEMENTARY,PUBLIC,159,96.85534591,0.628930818,0,2.51572327,3.144654088,3.144654088,3.144654088,2.51572327,2.51572327
ARENA ELEMENTARY,PUBLIC,23,91.30434783,8.695652174,0,0,8.695652174,8.695652174,8.695652174,0,0
SUSAN B. ANTHONY ELEMENTARY,PUBLIC,92,91.30434783,8.695652174,0,0,4.347826087,3.260869565,4.347826087,2.173913043,2.173913043
REED ELEMENTARY,PUBLIC,175,84.57142857,9.142857143,0.571428571,5.714285714,8.571428571,9.714285714,9.714285714,10.85714286,9.714285714
SIXTY-EIGHTH STREET ELEMENTARY,PUBLIC,134,92.53731343,6.71641791,0,0.746268657,5.970149254,4.47761194,6.71641791,2.23880597,2.23880597
HOWARD WOOD ELEMENTARY,PUBLIC,66,77.27272727,16.66666667,0,6.060606061,18.18181818,16.66666667,19.6969697,9.090909091,6.060606061
PATTON ELEMENTARY,PUBLIC,111,96.3963964,0.900900901,0.900900901,1.801801802,3.603603604,3.603603604,2.702702703,2.702702703,2.702702703
HARRINGTON ELEMENTARY,PUBLIC,140,100,0,0,0,0,0,0,0,0
SMYTHE ACADEMY OF ARTS AND SCIENCES,PUBLIC,124,95.96774194,0,0,4.032258065,4.032258065,4.032258065,4.032258065,4.032258065,4.032258065
CORONADO VILLAGE ELEMENTARY,PUBLIC,150,72.66666667,18,0,9.333333333,21.33333333,21.33333333,23.33333333,18.66666667,17.33333333
WASHINGTON ELEMENTARY,PUBLIC,54,100,0,0,0,0,0,0,0,0
BELLA MENTE MONTESSORI ACADEMY,PUBLIC,75,81.33333333,0,0,18.66666667,18.66666667,18.66666667,18.66666667,18.66666667,18.66666667
TWIN LAKES ELEMENTARY,PUBLIC,75,98.66666667,0,0,1.333333333,1.333333333,1.333333333,1.333333333,1.333333333,1.333333333
ORCUTT ACADEMY CHARTER,PUBLIC,23,78.26086957,13.04347826,0,8.695652174,17.39130435,13.04347826,13.04347826,13.04347826,8.695652174
CALIFORNIA SCHOOL FOR THE DEAF-RIVERSIDE,PUBLIC,11,90.90909091,0,0,9.090909091,9.090909091,9.090909091,9.090909091,9.090909091,9.090909091
DOA MERCED ELEMENTARY,PUBLIC,87,95.40229885,2.298850575,0,2.298850575,4.597701149,2.298850575,4.597701149,2.298850575,2.298850575
HILLDALE SCHOOL,PRIVATE,20,100,0,0,0,0,0,0,0,0
CLIFFORD D. MURRAY ELEMENTARY,PUBLIC,101,92.07920792,6.930693069,0,0.99009901,5.940594059,6.930693069,6.930693069,6.930693069,5.940594059
MARY FAY PENDLETON ELEMENTARY,PUBLIC,165,87.27272727,10.90909091,0.606060606,1.212121212,10.90909091,6.666666667,10.90909091,7.878787879,5.454545455
ST. JOSEPH ELEMENTARY,PRIVATE,26,100,0,0,0,0,0,0,0,0
WESTSIDE WALDORF SCHOOL,PRIVATE,16,18.75,6.25,0,75,81.25,81.25,81.25,75,75
FOLSOM HILLS ELEMENTARY,PUBLIC,112,91.96428571,0,0,8.035714286,8.035714286,8.035714286,8.035714286,8.035714286,8.035714286
PAINTED ROCK ELEMENTARY,PUBLIC,107,90.65420561,0.934579439,0.934579439,7.476635514,8.411214953,8.411214953,8.411214953,9.345794393,8.411214953
RICHARD M. MOON PRIMARY,PUBLIC,165,96.36363636,1.212121212,0,2.424242424,3.03030303,3.03030303,3.636363636,3.03030303,2.424242424
AKERS ELEMENTARY,PUBLIC,72,94.44444444,2.777777778,0,2.777777778,4.166666667,4.166666667,4.166666667,5.555555556,4.166666667
CHINESE IMMERSION SCHOOL AT DEAVILA,PUBLIC,71,95.77464789,4.225352113,0,0,4.225352113,4.225352113,0,0,0
LINDA VISTA ELEMENTARY,PUBLIC,123,100,0,0,0,0,0,0,0,0
MANZANITA ELEMENTARY,PUBLIC,118,71.18644068,21.18644068,0.847457627,6.779661017,24.57627119,21.18644068,24.57627119,13.55932203,11.86440678
EPIPHANY CATHOLIC,PRIVATE,19,100,0,0,0,0,0,0,0,0
WAYSIDE ELEMENTARY,PUBLIC,115,78.26086957,19.13043478,2.608695652,0,5.217391304,2.608695652,21.73913043,10.43478261,21.73913043
ST. MARY MAGDALEN,PRIVATE,27,85.18518519,11.11111111,0,3.703703704,3.703703704,3.703703704,3.703703704,14.81481481,3.703703704
VINE HILL ELEMENTARY,PUBLIC,103,97.08737864,0.970873786,0,1.941747573,2.912621359,1.941747573,1.941747573,1.941747573,1.941747573
LICHEN K-8,PUBLIC,71,71.83098592,21.12676056,0,7.042253521,26.76056338,25.35211268,25.35211268,9.85915493,8.450704225
WONDERLAND AVENUE ELEMENTARY,PUBLIC,66,50,40.90909091,0,9.090909091,22.72727273,27.27272727,28.78787879,33.33333333,19.6969697
HANDY ELEMENTARY,PUBLIC,93,90.32258065,9.677419355,0,0,5.376344086,6.451612903,6.451612903,1.075268817,1.075268817
STRATFORD SCHOOL,PRIVATE,53,84.90566038,15.09433962,0,0,15.09433962,15.09433962,0,0,0
VINTAGE PARKWAY ELEMENTARY,PUBLIC,104,90.38461538,7.692307692,0,1.923076923,9.615384615,6.730769231,9.615384615,4.807692308,2.884615385
FRENCH AMERICAN SCHOOL OF SILICON VALLEY,PRIVATE,25,88,8,0,4,12,12,12,4,4
TURTLE BAY SCHOOL,PUBLIC,120,83.33333333,13.33333333,0.833333333,2.5,14.16666667,15,15.83333333,6.666666667,8.333333333
RAMONA ELEMENTARY,PUBLIC,134,94.02985075,5.223880597,0,0.746268657,5.223880597,2.23880597,2.985074627,2.23880597,2.23880597
PORTER RANCH COMMUNITY,PUBLIC,122,90.98360656,0.819672131,5.737704918,2.459016393,8.196721311,8.196721311,8.196721311,9.016393443,8.196721311
DEHESA ELEMENTARY,PUBLIC,21,95.23809524,0,0,4.761904762,4.761904762,4.761904762,4.761904762,4.761904762,4.761904762
LINCOLN ELEMENTARY,PUBLIC,80,93.75,2.5,0,3.75,5,3.75,3.75,5,3.75
PLANADA ELEMENTARY,PUBLIC,90,97.77777778,2.222222222,0,0,2.222222222,2.222222222,0,0,0
BAY VIEW ELEMENTARY,PUBLIC,101,82.17821782,6.930693069,0.99009901,9.900990099,15.84158416,14.85148515,16.83168317,13.86138614,14.85148515
BUENA VISTA ARTS-INTEGRATED,PUBLIC,54,100,0,0,0,0,0,0,0,0
HERMOSA DRIVE ELEMENTARY,PUBLIC,60,95,0,3.333333333,1.666666667,5,5,5,5,5
JOLI ANN LEICHTAG ELEMENTARY,PUBLIC,146,89.7260274,2.739726027,0,7.534246575,8.904109589,8.904109589,9.589041096,8.219178082,7.534246575
CROCKER HIGHLANDS ELEMENTARY,PUBLIC,86,80.23255814,17.44186047,1.162790698,1.162790698,12.79069767,16.27906977,8.139534884,8.139534884,5.813953488
NANCY CORY ELEMENTARY,PUBLIC,89,95.50561798,1.123595506,0,3.370786517,4.494382022,3.370786517,3.370786517,3.370786517,3.370786517
MONTA LOMA ELEMENTARY,PUBLIC,77,97.4025974,0,0,2.597402597,2.597402597,2.597402597,2.597402597,2.597402597,2.597402597
GUADALUPE ELEMENTARY,PUBLIC,80,88.75,0,0,11.25,11.25,11.25,11.25,11.25,11.25
ALVARADO ELEMENTARY,PUBLIC,145,100,0,0,0,0,0,0,0,0
OCEAN AIR,PUBLIC,88,92.04545455,3.409090909,0,4.545454545,5.681818182,5.681818182,4.545454545,6.818181818,4.545454545
WILLITS ELEMENTARY CHARTER,PUBLIC,22,68.18181818,13.63636364,0,18.18181818,18.18181818,31.81818182,18.18181818,18.18181818,18.18181818
MADISON ELEMENTARY,PUBLIC,74,86.48648649,13.51351351,0,0,12.16216216,13.51351351,13.51351351,0,0
JEFFERSON ELEMENTARY,PUBLIC,50,96,2,0,2,4,2,2,2,2
SHASTA ELEMENTARY SCHOOL,PUBLIC,23,60.86956522,0,0,39.13043478,39.13043478,39.13043478,39.13043478,39.13043478,39.13043478
DAYTON ELEMENTARY,PUBLIC,98,93.87755102,5.102040816,0,1.020408163,4.081632653,3.06122449,4.081632653,3.06122449,1.020408163
FARMDALE ELEMENTARY,PUBLIC,159,93.71069182,6.289308176,0,0,5.660377358,5.660377358,6.289308176,0.628930818,0
OLIVE ELEMENTARY,PUBLIC,78,89.74358974,6.41025641,0,3.846153846,8.974358974,6.41025641,8.974358974,3.846153846,3.846153846
HEALDSBURG CHARTER,PUBLIC,43,93.02325581,0,0,6.976744186,6.976744186,6.976744186,6.976744186,6.976744186,6.976744186
SANTA ROSA ACADEMY,PUBLIC,86,94.18604651,1.162790698,0,4.651162791,4.651162791,4.651162791,4.651162791,5.813953488,4.651162791
FROST (EARL) ELEMENTARY,PUBLIC,76,72.36842105,22.36842105,1.315789474,3.947368421,17.10526316,17.10526316,5.263157895,23.68421053,21.05263158
WALNUT HEIGHTS ELEMENTARY,PUBLIC,66,92.42424242,3.03030303,0,4.545454545,4.545454545,4.545454545,4.545454545,7.575757576,4.545454545
KINGSWOOD ELEMENTARY,PUBLIC,78,69.23076923,26.92307692,0,3.846153846,28.20512821,20.51282051,30.76923077,6.41025641,7.692307692
STAR OF THE SEA SCHOOL,PRIVATE,31,100,0,0,0,0,0,0,0,0
HENRY (PATRICK) ELEMENTARY,PUBLIC,80,100,0,0,0,0,0,0,0,0
PHILIP J. REILLY ELEMENTARY/SPECIAL EDUCATION,PUBLIC,77,75.32467532,10.38961039,0,14.28571429,20.77922078,20.77922078,23.37662338,16.88311688,14.28571429
ROLLINGWOOD ELEMENTARY,PUBLIC,57,96.49122807,0,0,3.50877193,3.50877193,3.50877193,3.50877193,3.50877193,3.50877193
REDWOOD SHORES ELEMENTARY,PUBLIC,73,94.52054795,5.479452055,0,0,4.109589041,1.369863014,5.479452055,0,0
DEL MAR HEIGHTS ELEMENTARY,PUBLIC,65,96.92307692,0,0,3.076923077,3.076923077,3.076923077,3.076923077,3.076923077,3.076923077
LA CANADA ELEMENTARY,PUBLIC,95,97.89473684,1.052631579,0,1.052631579,1.052631579,1.052631579,1.052631579,2.105263158,1.052631579
DEMILLE ELEMENTARY,PUBLIC,71,88.73239437,11.26760563,0,0,4.225352113,2.816901408,7.042253521,1.408450704,0
ROSE ELEMENTARY,PUBLIC,111,99.0990991,0.900900901,0,0,0.900900901,0.900900901,0.900900901,0,0.900900901
MILLER ELEMENTARY,PUBLIC,164,90.85365854,7.317073171,0,1.829268293,6.707317073,6.707317073,6.097560976,4.87804878,3.658536585
LIBERTY ELEMENTARY,PUBLIC,156,98.07692308,1.923076923,0,0,1.923076923,0,0,0,0
WRIGHTWOOD ELEMENTARY,PUBLIC,33,87.87878788,3.03030303,0,9.090909091,12.12121212,12.12121212,12.12121212,12.12121212,9.090909091
CANYON CREST ELEMENTARY,PUBLIC,80,100,0,0,0,0,0,0,0,0
REACH ACADEMY,PUBLIC,81,95.0617284,3.703703704,0,1.234567901,3.703703704,3.703703704,3.703703704,2.469135802,3.703703704
JOHN F. KENNEDY ELEMENTARY,PUBLIC,80,97.5,1.25,0,1.25,1.25,1.25,1.25,2.5,1.25
TRUCKEE ELEMENTARY,PUBLIC,116,97.4137931,0.862068966,0,1.724137931,1.724137931,1.724137931,2.586206897,1.724137931,1.724137931
LAS LOMAS ELEMENTARY,PUBLIC,166,98.19277108,0.602409639,0,1.204819277,1.807228916,1.204819277,1.807228916,1.204819277,1.204819277
ARROW MONTESSORI SCHOOL OF SAN DIMAS,PRIVATE,12,91.66666667,0,0,8.333333333,8.333333333,8.333333333,8.333333333,8.333333333,8.333333333
ROOSEVELT ELEMENTARY,PUBLIC,48,100,0,0,0,0,0,0,0,0
CHRIST CATHEDRAL ACADEMY,PRIVATE,19,100,0,0,0,0,0,0,0,0
GEORGE DE LA TORRE JR. ELEMENTARY,PUBLIC,130,53.07692308,46.92307692,0,0,43.84615385,37.69230769,32.30769231,32.30769231,31.53846154
HERK BOURIS ELEMENTARY,PUBLIC,157,93.63057325,0.636942675,0,5.732484076,5.732484076,6.369426752,5.732484076,5.732484076,5.732484076
LUTHER BURBANK ELEMENTARY,PUBLIC,139,94.24460432,2.877697842,0.71942446,2.158273381,5.755395683,4.316546763,3.597122302,3.597122302,2.877697842
WALNUT GROVE ELEMENTARY,PUBLIC,111,99.0990991,0,0.900900901,0,0.900900901,0.900900901,0.900900901,0.900900901,0.900900901
OLINDA ELEMENTARY,PUBLIC,70,94.28571429,1.428571429,0,4.285714286,4.285714286,4.285714286,4.285714286,5.714285714,4.285714286
OASIS ELEMENTARY,PUBLIC,99,83.83838384,14.14141414,0,2.02020202,14.14141414,14.14141414,14.14141414,8.080808081,8.080808081
JOHN R. PETERSON ELEMENTARY,PUBLIC,111,71.17117117,24.32432432,0,4.504504505,27.02702703,17.11711712,23.42342342,18.91891892,13.51351351
RADCLIFF ELEMENTARY,PUBLIC,90,98.88888889,0,1.111111111,0,1.111111111,1.111111111,1.111111111,1.111111111,1.111111111
LINCOLN ELEMENTARY,PUBLIC,64,93.75,6.25,0,0,3.125,1.5625,4.6875,0,0
PARK AVENUE ELEMENTARY,PUBLIC,98,76.53061224,23.46938776,0,0,17.34693878,16.32653061,3.06122449,2.040816327,2.040816327
DRY CREEK ELEMENTARY,PUBLIC,113,96.46017699,0.884955752,0,2.654867257,3.539823009,3.539823009,3.539823009,2.654867257,2.654867257
GUADALUPE ELEMENTARY,PUBLIC,79,91.13924051,8.860759494,0,0,7.594936709,8.860759494,6.329113924,6.329113924,6.329113924
QUAIL RUN ELEMENTARY,PUBLIC,131,97.70992366,0,0,2.290076336,2.290076336,2.290076336,2.290076336,2.290076336,2.290076336
CORONA CREEK ELEMENTARY,PUBLIC,63,85.71428571,14.28571429,0,0,4.761904762,7.936507937,3.174603175,1.587301587,7.936507937
GERMAN INT'L SCHOOL OF SILICON VALLEY,PRIVATE,62,85.48387097,0,0,14.51612903,14.51612903,14.51612903,14.51612903,14.51612903,14.51612903
CALIFORNIA ELEMENTARY,PUBLIC,65,96.92307692,3.076923077,0,0,0,1.538461538,1.538461538,0,0
WEST HOLLYWOOD ELEMENTARY,PUBLIC,92,91.30434783,2.173913043,0,6.52173913,8.695652174,8.695652174,7.608695652,7.608695652,6.52173913
KINGSLEY ELEMENTARY,PUBLIC,126,89.68253968,10.31746032,0,0,5.555555556,3.174603175,7.936507937,0.793650794,0.793650794
PIRU ELEMENTARY,PUBLIC,71,100,0,0,0,0,0,0,0,0
WOODCREST ELEMENTARY,PUBLIC,93,88.17204301,11.82795699,0,0,5.376344086,4.301075269,7.52688172,3.225806452,0
OUR LADY OF THE ROSARY SCHOOL,PRIVATE,27,100,0,0,0,0,0,0,0,0
LUIGI APREA ELEMENTARY,PUBLIC,113,97.34513274,0,0.884955752,1.769911504,2.654867257,2.654867257,2.654867257,2.654867257,2.654867257
COLONY OAK ELEMENTARY,PUBLIC,49,91.83673469,0,0,8.163265306,8.163265306,8.163265306,8.163265306,8.163265306,8.163265306
BONITA ELEMENTARY,PUBLIC,29,79.31034483,13.79310345,0,6.896551724,20.68965517,20.68965517,20.68965517,6.896551724,6.896551724
HOWARD TANNER,PUBLIC,85,85.88235294,12.94117647,0,1.176470588,10.58823529,7.058823529,5.882352941,1.176470588,5.882352941
TWO RIVERS ELEMENTARY,PUBLIC,84,80.95238095,8.333333333,2.380952381,8.333333333,17.85714286,16.66666667,19.04761905,10.71428571,10.71428571
JOSHUA CIRCLE ELEMENTARY,PUBLIC,124,98.38709677,0.806451613,0,0.806451613,1.612903226,0.806451613,1.612903226,0.806451613,0.806451613
BAGBY ELEMENTARY,PUBLIC,117,92.30769231,2.564102564,1.709401709,3.418803419,7.692307692,6.837606838,6.837606838,5.982905983,5.128205128
NATOMAS PARK ELEMENTARY,PUBLIC,180,72.22222222,24.44444444,0,3.333333333,20.55555556,21.11111111,23.33333333,11.11111111,10
WALNUT ELEMENTARY,PUBLIC,108,97.22222222,1.851851852,0,0.925925926,2.777777778,2.777777778,2.777777778,2.777777778,1.851851852
JOHN ADAMS ELEMENTARY,PUBLIC,113,92.03539823,6.194690265,0,1.769911504,5.309734513,5.309734513,3.539823009,2.654867257,2.654867257
MESA ELEMENTARY,PUBLIC,94,85.10638298,8.510638298,2.127659574,4.255319149,6.382978723,11.70212766,11.70212766,6.382978723,6.382978723
BETHEL CHRISTIAN SCHOOL,PRIVATE,43,37.20930233,9.302325581,0,53.48837209,62.79069767,62.79069767,62.79069767,55.81395349,58.13953488
MILLBROOK ELEMENTARY,PUBLIC,95,97.89473684,1.052631579,0,1.052631579,2.105263158,1.052631579,1.052631579,1.052631579,1.052631579
ALEXANDER ROSE ELEMENTARY,PUBLIC,59,72.88135593,27.11864407,0,0,22.03389831,22.03389831,22.03389831,13.55932203,13.55932203
VILLAGE ELEMENTARY CHARTER,PUBLIC,60,91.66666667,0,0,8.333333333,8.333333333,8.333333333,8.333333333,8.333333333,8.333333333
ANNA A. BORBA FUNDAMENTAL ELEMENTARY,PUBLIC,113,100,0,0,0,0,0,0,0,0
CURTIS SCHOOL,PRIVATE,67,100,0,0,0,0,0,0,0,0
NOBLE AVENUE ELEMENTARY,PUBLIC,163,98.77300613,0,0.613496933,0.613496933,1.226993865,1.226993865,1.226993865,1.226993865,1.226993865
CHRISTINE SIPHERD ELEMENTARY,PUBLIC,76,89.47368421,6.578947368,0,3.947368421,9.210526316,9.210526316,9.210526316,3.947368421,3.947368421
BRANDON ELEMENTARY,PUBLIC,75,89.33333333,0,0,10.66666667,10.66666667,10.66666667,10.66666667,10.66666667,10.66666667
EAGLE CANYON ELEMENTARY,PUBLIC,61,100,0,0,0,0,0,0,0,0
H. A. HYDE ELEMENTARY,PUBLIC,95,91.57894737,4.210526316,0,4.210526316,7.368421053,8.421052632,8.421052632,4.210526316,8.421052632
RIVER BLUFF ELEMENTARY,PUBLIC,132,93.93939394,3.03030303,0,3.03030303,3.787878788,4.545454545,5.303030303,3.787878788,3.787878788
CRESTMORE ELEMENTARY,PUBLIC,92,98.91304348,0,1.086956522,0,1.086956522,1.086956522,1.086956522,1.086956522,1.086956522
POMO,PUBLIC,105,87.61904762,11.42857143,0,0.952380952,11.42857143,9.523809524,10.47619048,3.80952381,4.761904762
LONGFELLOW ELEMENTARY,PUBLIC,97,94.84536082,4.12371134,0,1.030927835,5.154639175,5.154639175,3.092783505,2.06185567,2.06185567
BRYSON AVENUE ELEMENTARY,PUBLIC,157,93.63057325,5.095541401,0.636942675,0.636942675,3.821656051,4.458598726,3.821656051,3.184713376,3.184713376
FAIRMONT ELEMENTARY,PUBLIC,192,88.54166667,3.125,0,8.333333333,9.895833333,10.41666667,9.895833333,9.895833333,8.854166667
CYPRESS ELEMENTARY,PUBLIC,86,96.51162791,2.325581395,0,1.162790698,2.325581395,2.325581395,3.488372093,1.162790698,1.162790698
ROBERT HEIDEMAN ELEMENTARY,PUBLIC,131,90.83969466,9.160305344,0,0,6.870229008,6.106870229,8.396946565,0,0
HOLMES ELEMENTARY,PUBLIC,93,92.47311828,7.52688172,0,0,4.301075269,5.376344086,6.451612903,2.150537634,2.150537634
CHRIST LUTHERAN CHURCH AND SCHOOL,PRIVATE,21,52.38095238,47.61904762,0,0,0,19.04761905,47.61904762,9.523809524,0
PAUBA VALLEY ELEMENTARY,PUBLIC,126,88.88888889,3.174603175,0,7.936507937,10.31746032,9.523809524,9.523809524,8.73015873,7.936507937
LAKEVIEW ELEMENTARY,PUBLIC,84,96.42857143,1.19047619,0,2.380952381,2.380952381,2.380952381,3.571428571,2.380952381,2.380952381
ROBERT F. KENNEDY ELEMENTARY,PUBLIC,74,91.89189189,8.108108108,0,0,8.108108108,8.108108108,8.108108108,0,8.108108108
WILLIAM GREEN ELEMENTARY,PUBLIC,147,91.83673469,7.482993197,0,0.680272109,4.081632653,4.761904762,6.12244898,1.360544218,0.680272109
URBAN MONTESSORI CHARTER,PUBLIC,52,50,46.15384615,0,3.846153846,42.30769231,44.23076923,40.38461538,36.53846154,25
COUNTRYSIDE MONTESSORI CENTER,PRIVATE,10,100,0,0,0,0,0,0,0,0
CELERITY SIRIUS CHARTER,PUBLIC,95,95.78947368,4.210526316,0,0,3.157894737,1.052631579,1.052631579,2.105263158,0
WESTLAKE ELEMENTARY,PUBLIC,89,82.02247191,13.48314607,0,4.494382022,12.35955056,11.23595506,13.48314607,5.617977528,4.494382022
GALLATIN ELEMENTARY,PUBLIC,90,97.77777778,2.222222222,0,0,2.222222222,2.222222222,1.111111111,0,0
WOODBURY ELEMENTARY,PUBLIC,178,80.8988764,16.85393258,2.247191011,0,14.04494382,10.6741573,14.04494382,5.617977528,3.370786517
MARIN ELEMENTARY,PUBLIC,91,74.72527473,23.07692308,0,2.197802198,20.87912088,14.28571429,19.78021978,9.89010989,9.89010989
PAUL ECKE-CENTRAL ELEMENTARY,PUBLIC,87,79.31034483,4.597701149,1.149425287,14.94252874,17.24137931,18.3908046,19.54022989,17.24137931,17.24137931
ST. MARY,PRIVATE,20,100,0,0,0,0,0,0,0,0
LINDA VISTA ELEMENTARY,PUBLIC,53,94.33962264,0,0,5.660377358,5.660377358,5.660377358,5.660377358,5.660377358,5.660377358
MILES AVENUE ELEMENTARY,PUBLIC,172,50.58139535,49.41860465,0,0,42.44186047,43.02325581,45.93023256,40.11627907,38.95348837
RILEY ELEMENTARY,PUBLIC,59,98.30508475,1.694915254,0,0,0,0,1.694915254,0,0
WILDWOOD SCHOOL,PRIVATE,45,66.66666667,0,2.222222222,31.11111111,33.33333333,33.33333333,33.33333333,33.33333333,33.33333333
WILHELMINA HENRY ELEMENTARY,PUBLIC,100,94,6,0,0,6,6,3,2,0